user_id,group,churned,negative_feedback
1,control,0,0
2,control,0,0
3,control,0,0
4,control,0,0
5,control,1,0
6,control,0,0
7,control,0,0
8,control,0,0
9,control,0,0
10,control,0,0
11,control,0,0
12,control,0,0
13,control,0,0
14,control,0,0
15,control,0,0
16,control,0,0
17,control,0,0
18,control,0,0
19,control,1,0
20,control,0,0
21,control,0,0
22,control,0,0
23,control,0,0
24,control,0,0
25,control,0,0
26,control,0,0
27,control,0,0
28,control,0,0
29,control,0,0
30,control,0,0
31,control,0,1
32,control,0,0
33,control,0,0
34,control,1,0
35,control,0,0
36,control,0,0
37,control,0,0
38,control,0,0
39,control,0,0
40,control,0,0
41,control,1,0
42,control,0,0
43,control,0,1
44,control,1,0
45,control,0,1
46,control,1,0
47,control,0,0
48,control,1,0
49,control,0,0
50,control,0,0
51,control,1,0
52,control,0,0
53,control,0,0
54,control,0,0
55,control,0,0
56,control,0,0
57,control,0,0
58,control,1,0
59,control,0,0
60,control,0,0
61,control,0,0
62,control,0,0
63,control,0,0
64,control,0,0
65,control,0,0
66,control,0,0
67,control,0,0
68,control,0,0
69,control,0,0
70,control,0,0
71,control,0,0
72,control,0,0
73,control,0,0
74,control,0,0
75,control,1,0
76,control,0,0
77,control,0,0
78,control,0,0
79,control,0,0
80,control,0,0
81,control,0,0
82,control,0,0
83,control,0,0
84,control,0,0
85,control,0,0
86,control,0,0
87,control,0,0
88,control,1,0
89,control,0,0
90,control,0,0
91,control,1,0
92,control,0,0
93,control,1,0
94,control,0,0
95,control,0,0
96,control,0,0
97,control,0,0
98,control,0,0
99,control,0,0
100,control,0,0
101,control,0,0
102,control,0,0
103,control,0,0
104,control,0,0
105,control,0,0
106,control,0,0
107,control,0,0
108,control,0,0
109,control,0,0
110,control,0,0
111,control,0,0
112,control,0,0
113,control,0,0
114,control,0,0
115,control,0,0
116,control,0,0
117,control,0,0
118,control,0,1
119,control,0,0
120,control,0,0
121,control,0,0
122,control,0,0
123,control,0,0
124,control,0,1
125,control,0,0
126,control,0,0
127,control,0,0
128,control,0,0
129,control,0,0
130,control,0,0
131,control,1,0
132,control,1,0
133,control,0,0
134,control,0,0
135,control,0,0
136,control,0,0
137,control,0,0
138,control,0,0
139,control,0,0
140,control,1,0
141,control,0,0
142,control,0,0
143,control,0,0
144,control,0,0
145,control,0,0
146,control,0,0
147,control,0,0
148,control,1,0
149,control,0,0
150,control,0,0
151,control,0,0
152,control,1,0
153,control,0,0
154,control,0,0
155,control,0,0
156,control,0,0
157,control,0,0
158,control,0,0
159,control,0,1
160,control,0,0
161,control,0,0
162,control,0,0
163,control,0,0
164,control,0,0
165,control,0,0
166,control,0,0
167,control,0,0
168,control,0,0
169,control,0,0
170,control,0,0
171,control,0,0
172,control,0,0
173,control,0,0
174,control,0,0
175,control,0,0
176,control,0,0
177,control,0,0
178,control,0,0
179,control,0,1
180,control,0,0
181,control,0,0
182,control,0,0
183,control,0,0
184,control,0,0
185,control,0,0
186,control,0,0
187,control,0,0
188,control,0,0
189,control,0,0
190,control,0,0
191,control,0,1
192,control,0,0
193,control,0,0
194,control,0,0
195,control,0,0
196,control,1,0
197,control,0,0
198,control,0,0
199,control,0,0
200,control,0,0
201,control,0,0
202,control,0,0
203,control,0,0
204,control,0,0
205,control,0,0
206,control,0,0
207,control,1,0
208,control,0,0
209,control,0,0
210,control,0,0
211,control,0,0
212,control,0,0
213,control,1,0
214,control,0,0
215,control,0,0
216,control,0,0
217,control,0,0
218,control,0,0
219,control,0,0
220,control,1,0
221,control,0,0
222,control,0,0
223,control,0,0
224,control,0,0
225,control,0,0
226,control,0,0
227,control,0,0
228,control,0,0
229,control,0,0
230,control,0,0
231,control,0,0
232,control,1,0
233,control,0,0
234,control,0,0
235,control,0,0
236,control,0,0
237,control,0,0
238,control,0,0
239,control,0,0
240,control,0,0
241,control,0,0
242,control,0,0
243,control,0,0
244,control,1,0
245,control,0,0
246,control,0,0
247,control,1,0
248,control,0,0
249,control,0,0
250,control,0,0
251,control,0,0
252,control,0,0
253,control,0,0
254,control,0,0
255,control,0,0
256,control,0,0
257,control,1,0
258,control,0,0
259,control,0,0
260,control,0,0
261,control,0,0
262,control,0,0
263,control,0,0
264,control,0,0
265,control,0,0
266,control,0,0
267,control,0,0
268,control,1,0
269,control,0,0
270,control,0,0
271,control,1,0
272,control,0,0
273,control,0,0
274,control,0,0
275,control,0,0
276,control,0,0
277,control,1,0
278,control,0,1
279,control,1,0
280,control,0,0
281,control,0,0
282,control,0,0
283,control,1,0
284,control,0,0
285,control,0,0
286,control,0,0
287,control,1,0
288,control,0,0
289,control,0,0
290,control,0,0
291,control,0,0
292,control,0,0
293,control,0,0
294,control,0,0
295,control,0,0
296,control,1,0
297,control,0,0
298,control,0,0
299,control,0,0
300,control,0,0
301,control,0,0
302,control,0,0
303,control,0,0
304,control,0,0
305,control,0,0
306,control,0,0
307,control,0,0
308,control,1,0
309,control,1,0
310,control,0,0
311,control,0,0
312,control,1,0
313,control,0,0
314,control,0,0
315,control,0,1
316,control,0,0
317,control,0,0
318,control,1,0
319,control,0,0
320,control,1,0
321,control,0,0
322,control,0,0
323,control,0,0
324,control,0,1
325,control,0,0
326,control,0,0
327,control,0,0
328,control,0,0
329,control,0,0
330,control,0,0
331,control,0,0
332,control,0,0
333,control,0,0
334,control,1,0
335,control,0,0
336,control,0,0
337,control,0,0
338,control,0,0
339,control,0,0
340,control,0,0
341,control,0,0
342,control,1,0
343,control,0,0
344,control,1,0
345,control,0,0
346,control,1,0
347,control,0,0
348,control,0,0
349,control,1,0
350,control,0,0
351,control,0,0
352,control,0,0
353,control,0,0
354,control,0,0
355,control,0,0
356,control,0,0
357,control,0,0
358,control,0,0
359,control,0,0
360,control,0,0
361,control,0,1
362,control,0,0
363,control,0,0
364,control,0,0
365,control,0,0
366,control,0,0
367,control,0,0
368,control,0,0
369,control,0,0
370,control,1,0
371,control,0,0
372,control,0,0
373,control,0,0
374,control,0,0
375,control,0,0
376,control,0,0
377,control,0,1
378,control,1,0
379,control,0,0
380,control,0,0
381,control,0,0
382,control,0,0
383,control,0,0
384,control,0,0
385,control,1,0
386,control,0,0
387,control,0,0
388,control,0,0
389,control,0,0
390,control,0,0
391,control,0,0
392,control,0,0
393,control,0,0
394,control,0,0
395,control,0,0
396,control,0,0
397,control,0,0
398,control,0,0
399,control,0,0
400,control,0,0
401,control,0,0
402,control,0,0
403,control,0,0
404,control,0,0
405,control,0,0
406,control,0,0
407,control,0,0
408,control,0,0
409,control,1,0
410,control,0,0
411,control,0,0
412,control,0,0
413,control,0,0
414,control,0,0
415,control,0,0
416,control,0,0
417,control,0,0
418,control,0,0
419,control,1,0
420,control,0,0
421,control,0,0
422,control,0,0
423,control,0,0
424,control,1,0
425,control,1,0
426,control,0,0
427,control,0,0
428,control,0,0
429,control,0,0
430,control,0,0
431,control,0,0
432,control,0,0
433,control,0,0
434,control,0,0
435,control,0,0
436,control,0,0
437,control,0,0
438,control,0,0
439,control,0,0
440,control,0,0
441,control,0,0
442,control,0,0
443,control,1,0
444,control,0,1
445,control,0,0
446,control,0,0
447,control,0,0
448,control,0,0
449,control,0,0
450,control,0,0
451,control,1,0
452,control,0,1
453,control,1,0
454,control,0,0
455,control,0,0
456,control,0,0
457,control,1,0
458,control,0,0
459,control,0,0
460,control,0,0
461,control,0,0
462,control,0,0
463,control,0,0
464,control,0,0
465,control,0,0
466,control,0,0
467,control,0,0
468,control,1,0
469,control,0,0
470,control,0,0
471,control,0,0
472,control,1,0
473,control,0,0
474,control,0,0
475,control,0,0
476,control,0,0
477,control,0,0
478,control,0,0
479,control,1,0
480,control,0,0
481,control,1,0
482,control,0,0
483,control,0,0
484,control,0,0
485,control,0,1
486,control,0,0
487,control,0,0
488,control,0,0
489,control,0,0
490,control,0,0
491,control,0,0
492,control,0,0
493,control,0,0
494,control,0,0
495,control,0,0
496,control,0,0
497,control,0,0
498,control,1,0
499,control,0,0
500,control,0,0
501,control,0,0
502,control,0,0
503,control,0,0
504,control,0,0
505,control,0,0
506,control,0,0
507,control,0,0
508,control,0,0
509,control,0,0
510,control,1,0
511,control,0,0
512,control,0,0
513,control,0,0
514,control,0,0
515,control,1,0
516,control,1,0
517,control,0,0
518,control,0,0
519,control,1,0
520,control,0,0
521,control,0,0
522,control,0,0
523,control,0,1
524,control,1,0
525,control,0,0
526,control,0,0
527,control,0,0
528,control,0,0
529,control,0,0
530,control,0,1
531,control,0,1
532,control,0,0
533,control,0,0
534,control,0,0
535,control,0,0
536,control,0,0
537,control,1,0
538,control,0,0
539,control,0,0
540,control,0,0
541,control,0,0
542,control,0,0
543,control,0,0
544,control,0,0
545,control,0,0
546,control,0,0
547,control,0,0
548,control,0,0
549,control,0,0
550,control,0,0
551,control,0,0
552,control,0,0
553,control,0,0
554,control,0,0
555,control,0,0
556,control,0,0
557,control,0,0
558,control,0,0
559,control,0,0
560,control,0,0
561,control,0,0
562,control,0,0
563,control,0,0
564,control,1,1
565,control,0,0
566,control,1,0
567,control,0,0
568,control,0,0
569,control,0,0
570,control,0,0
571,control,0,0
572,control,0,0
573,control,0,0
574,control,0,0
575,control,0,0
576,control,0,0
577,control,0,0
578,control,0,0
579,control,0,0
580,control,0,0
581,control,0,0
582,control,0,0
583,control,0,1
584,control,0,0
585,control,0,0
586,control,0,1
587,control,0,0
588,control,0,0
589,control,0,0
590,control,0,0
591,control,0,0
592,control,0,0
593,control,0,0
594,control,0,0
595,control,0,0
596,control,0,0
597,control,0,0
598,control,0,0
599,control,0,0
600,control,0,0
601,control,0,0
602,control,0,0
603,control,0,0
604,control,0,0
605,control,0,0
606,control,0,0
607,control,0,0
608,control,0,0
609,control,0,0
610,control,0,0
611,control,0,0
612,control,0,0
613,control,0,0
614,control,1,0
615,control,0,0
616,control,1,0
617,control,0,0
618,control,0,0
619,control,1,0
620,control,0,0
621,control,1,0
622,control,0,0
623,control,0,0
624,control,0,0
625,control,0,0
626,control,1,0
627,control,0,0
628,control,0,0
629,control,0,0
630,control,0,1
631,control,1,0
632,control,0,0
633,control,0,0
634,control,0,0
635,control,0,0
636,control,0,0
637,control,0,0
638,control,0,0
639,control,0,0
640,control,0,0
641,control,0,0
642,control,0,0
643,control,0,0
644,control,0,0
645,control,0,0
646,control,0,0
647,control,0,0
648,control,0,0
649,control,0,0
650,control,0,0
651,control,0,0
652,control,0,0
653,control,0,0
654,control,0,0
655,control,0,0
656,control,0,0
657,control,0,0
658,control,0,0
659,control,0,0
660,control,1,0
661,control,0,0
662,control,0,0
663,control,0,0
664,control,0,0
665,control,0,0
666,control,1,0
667,control,0,0
668,control,0,0
669,control,0,0
670,control,0,0
671,control,0,0
672,control,0,0
673,control,1,0
674,control,0,0
675,control,0,0
676,control,0,0
677,control,0,0
678,control,0,0
679,control,0,0
680,control,0,0
681,control,0,0
682,control,0,0
683,control,0,0
684,control,0,0
685,control,1,0
686,control,0,0
687,control,0,0
688,control,0,0
689,control,0,0
690,control,0,0
691,control,0,0
692,control,0,0
693,control,0,0
694,control,0,0
695,control,0,0
696,control,0,0
697,control,0,0
698,control,0,0
699,control,1,0
700,control,0,0
701,control,0,0
702,control,0,0
703,control,0,0
704,control,0,0
705,control,0,0
706,control,0,0
707,control,0,0
708,control,0,0
709,control,0,0
710,control,0,0
711,control,0,0
712,control,0,0
713,control,0,0
714,control,0,0
715,control,0,0
716,control,0,0
717,control,0,0
718,control,0,0
719,control,0,0
720,control,0,0
721,control,1,0
722,control,0,0
723,control,1,0
724,control,0,0
725,control,0,0
726,control,1,0
727,control,0,0
728,control,0,0
729,control,0,0
730,control,0,0
731,control,0,0
732,control,0,0
733,control,0,0
734,control,0,0
735,control,1,0
736,control,0,0
737,control,0,0
738,control,0,0
739,control,0,0
740,control,0,0
741,control,0,0
742,control,1,0
743,control,0,0
744,control,0,1
745,control,0,0
746,control,0,0
747,control,0,0
748,control,0,0
749,control,0,0
750,control,0,0
751,control,0,0
752,control,0,0
753,control,0,0
754,control,0,0
755,control,0,0
756,control,0,0
757,control,0,0
758,control,0,0
759,control,1,0
760,control,0,0
761,control,0,0
762,control,1,0
763,control,1,0
764,control,0,0
765,control,0,0
766,control,0,0
767,control,0,0
768,control,0,0
769,control,0,0
770,control,1,0
771,control,0,0
772,control,0,0
773,control,0,0
774,control,0,0
775,control,0,0
776,control,0,0
777,control,0,0
778,control,0,0
779,control,0,0
780,control,0,0
781,control,0,0
782,control,0,0
783,control,0,0
784,control,0,0
785,control,1,0
786,control,0,1
787,control,0,0
788,control,0,0
789,control,0,0
790,control,0,0
791,control,0,0
792,control,1,0
793,control,0,0
794,control,0,0
795,control,0,0
796,control,0,0
797,control,0,0
798,control,0,0
799,control,0,0
800,control,0,0
801,control,0,0
802,control,0,0
803,control,1,0
804,control,0,0
805,control,0,0
806,control,0,0
807,control,0,0
808,control,0,0
809,control,0,0
810,control,1,0
811,control,0,0
812,control,0,0
813,control,0,0
814,control,0,0
815,control,1,0
816,control,0,0
817,control,0,0
818,control,0,0
819,control,0,0
820,control,0,0
821,control,0,0
822,control,0,0
823,control,1,1
824,control,0,0
825,control,0,0
826,control,0,0
827,control,1,0
828,control,0,0
829,control,0,0
830,control,0,0
831,control,0,0
832,control,0,0
833,control,0,0
834,control,0,0
835,control,0,0
836,control,0,0
837,control,0,0
838,control,0,0
839,control,0,0
840,control,0,0
841,control,0,0
842,control,0,0
843,control,0,0
844,control,0,0
845,control,0,0
846,control,0,0
847,control,0,0
848,control,0,0
849,control,0,0
850,control,0,0
851,control,0,0
852,control,0,0
853,control,1,0
854,control,0,0
855,control,0,0
856,control,0,0
857,control,0,0
858,control,0,0
859,control,1,0
860,control,0,0
861,control,0,1
862,control,0,0
863,control,1,0
864,control,0,0
865,control,0,0
866,control,0,0
867,control,0,0
868,control,0,0
869,control,0,0
870,control,0,0
871,control,0,0
872,control,1,0
873,control,0,1
874,control,0,0
875,control,0,0
876,control,0,0
877,control,0,0
878,control,0,0
879,control,0,0
880,control,0,0
881,control,0,0
882,control,0,0
883,control,0,0
884,control,0,0
885,control,0,0
886,control,0,0
887,control,1,0
888,control,0,0
889,control,0,0
890,control,0,0
891,control,0,0
892,control,0,0
893,control,0,0
894,control,1,0
895,control,0,0
896,control,0,0
897,control,1,0
898,control,0,0
899,control,0,0
900,control,0,0
901,control,0,0
902,control,0,0
903,control,0,0
904,control,0,0
905,control,0,0
906,control,0,0
907,control,0,0
908,control,0,0
909,control,1,0
910,control,0,0
911,control,0,0
912,control,0,0
913,control,0,0
914,control,0,0
915,control,1,0
916,control,0,0
917,control,0,0
918,control,0,0
919,control,0,0
920,control,0,0
921,control,1,0
922,control,0,0
923,control,1,0
924,control,0,0
925,control,0,0
926,control,0,0
927,control,0,0
928,control,0,0
929,control,0,0
930,control,0,0
931,control,0,0
932,control,0,0
933,control,0,0
934,control,0,0
935,control,0,0
936,control,0,0
937,control,0,0
938,control,1,0
939,control,0,0
940,control,0,0
941,control,0,0
942,control,0,0
943,control,0,0
944,control,0,0
945,control,0,0
946,control,0,0
947,control,0,0
948,control,0,0
949,control,0,0
950,control,0,0
951,control,0,0
952,control,0,0
953,control,0,0
954,control,0,0
955,control,0,0
956,control,0,0
957,control,0,0
958,control,0,0
959,control,0,0
960,control,0,0
961,control,0,0
962,control,0,0
963,control,0,0
964,control,0,0
965,control,0,1
966,control,0,0
967,control,1,1
968,control,0,0
969,control,0,0
970,control,0,0
971,control,1,0
972,control,0,0
973,control,0,0
974,control,0,0
975,control,0,0
976,control,0,0
977,control,0,0
978,control,0,0
979,control,0,0
980,control,0,0
981,control,1,0
982,control,0,0
983,control,0,0
984,control,1,0
985,control,1,0
986,control,0,0
987,control,0,0
988,control,0,0
989,control,0,0
990,control,0,0
991,control,0,0
992,control,0,1
993,control,0,0
994,control,0,0
995,control,0,0
996,control,0,0
997,control,0,0
998,control,0,0
999,control,0,0
1000,control,0,1
1001,control,0,0
1002,control,0,0
1003,control,1,0
1004,control,0,0
1005,control,1,0
1006,control,0,0
1007,control,0,0
1008,control,0,0
1009,control,0,1
1010,control,0,0
1011,control,0,0
1012,control,0,0
1013,control,0,0
1014,control,0,0
1015,control,0,0
1016,control,0,0
1017,control,0,0
1018,control,0,0
1019,control,0,0
1020,control,0,0
1021,control,0,0
1022,control,0,0
1023,control,0,0
1024,control,1,0
1025,control,0,0
1026,control,0,0
1027,control,0,0
1028,control,0,0
1029,control,0,0
1030,control,0,0
1031,control,0,0
1032,control,0,0
1033,control,0,0
1034,control,0,0
1035,control,0,0
1036,control,0,0
1037,control,0,0
1038,control,0,0
1039,control,1,0
1040,control,0,0
1041,control,0,0
1042,control,0,0
1043,control,0,0
1044,control,0,0
1045,control,0,0
1046,control,1,0
1047,control,0,0
1048,control,1,0
1049,control,0,0
1050,control,0,0
1051,control,0,0
1052,control,0,0
1053,control,0,0
1054,control,0,0
1055,control,0,0
1056,control,1,0
1057,control,0,0
1058,control,0,0
1059,control,0,0
1060,control,0,0
1061,control,0,1
1062,control,0,0
1063,control,0,0
1064,control,0,0
1065,control,0,0
1066,control,0,0
1067,control,0,0
1068,control,0,0
1069,control,1,0
1070,control,0,0
1071,control,0,0
1072,control,0,0
1073,control,0,0
1074,control,0,1
1075,control,0,0
1076,control,0,0
1077,control,0,0
1078,control,0,0
1079,control,0,0
1080,control,0,0
1081,control,0,0
1082,control,0,0
1083,control,0,0
1084,control,0,0
1085,control,0,0
1086,control,0,0
1087,control,0,0
1088,control,1,0
1089,control,0,0
1090,control,0,0
1091,control,0,0
1092,control,0,0
1093,control,1,0
1094,control,0,0
1095,control,0,0
1096,control,0,0
1097,control,0,0
1098,control,0,0
1099,control,0,0
1100,control,0,0
1101,control,0,0
1102,control,0,0
1103,control,0,0
1104,control,0,0
1105,control,0,1
1106,control,1,0
1107,control,0,0
1108,control,0,0
1109,control,1,0
1110,control,1,0
1111,control,0,0
1112,control,0,0
1113,control,1,0
1114,control,0,0
1115,control,0,0
1116,control,1,0
1117,control,1,0
1118,control,0,0
1119,control,0,0
1120,control,0,0
1121,control,0,0
1122,control,0,0
1123,control,0,0
1124,control,0,0
1125,control,0,0
1126,control,0,0
1127,control,0,0
1128,control,1,0
1129,control,0,0
1130,control,1,0
1131,control,0,0
1132,control,1,0
1133,control,0,0
1134,control,0,0
1135,control,0,0
1136,control,0,0
1137,control,0,0
1138,control,0,0
1139,control,0,0
1140,control,0,0
1141,control,0,0
1142,control,0,0
1143,control,0,0
1144,control,1,0
1145,control,0,0
1146,control,1,0
1147,control,0,0
1148,control,0,1
1149,control,0,0
1150,control,0,0
1151,control,0,0
1152,control,0,0
1153,control,0,0
1154,control,0,0
1155,control,1,0
1156,control,0,0
1157,control,1,0
1158,control,0,0
1159,control,0,0
1160,control,0,0
1161,control,0,0
1162,control,0,0
1163,control,0,0
1164,control,0,0
1165,control,0,0
1166,control,0,0
1167,control,0,0
1168,control,0,0
1169,control,0,0
1170,control,0,0
1171,control,0,0
1172,control,0,0
1173,control,0,0
1174,control,1,0
1175,control,1,0
1176,control,0,0
1177,control,1,0
1178,control,0,0
1179,control,0,0
1180,control,0,0
1181,control,1,0
1182,control,0,0
1183,control,0,1
1184,control,0,0
1185,control,0,0
1186,control,0,0
1187,control,0,0
1188,control,1,0
1189,control,0,0
1190,control,0,0
1191,control,0,0
1192,control,0,0
1193,control,0,0
1194,control,0,0
1195,control,0,0
1196,control,0,0
1197,control,0,0
1198,control,0,0
1199,control,0,0
1200,control,0,0
1201,control,0,0
1202,control,0,0
1203,control,0,0
1204,control,1,0
1205,control,1,0
1206,control,0,0
1207,control,0,0
1208,control,0,0
1209,control,0,0
1210,control,0,0
1211,control,0,0
1212,control,0,0
1213,control,0,0
1214,control,0,0
1215,control,0,0
1216,control,0,0
1217,control,1,0
1218,control,0,0
1219,control,0,0
1220,control,0,0
1221,control,0,0
1222,control,0,0
1223,control,0,0
1224,control,0,0
1225,control,0,0
1226,control,0,0
1227,control,0,0
1228,control,0,0
1229,control,0,0
1230,control,0,0
1231,control,0,1
1232,control,0,0
1233,control,0,0
1234,control,0,0
1235,control,1,0
1236,control,0,0
1237,control,0,0
1238,control,0,0
1239,control,0,0
1240,control,0,0
1241,control,0,0
1242,control,0,0
1243,control,0,0
1244,control,0,0
1245,control,0,0
1246,control,0,0
1247,control,0,0
1248,control,0,0
1249,control,0,0
1250,control,0,0
1251,control,0,0
1252,control,0,0
1253,control,0,0
1254,control,0,0
1255,control,0,0
1256,control,0,0
1257,control,0,0
1258,control,0,0
1259,control,0,0
1260,control,1,0
1261,control,0,0
1262,control,0,0
1263,control,1,0
1264,control,0,0
1265,control,1,0
1266,control,0,0
1267,control,1,0
1268,control,0,0
1269,control,1,0
1270,control,0,0
1271,control,0,1
1272,control,0,0
1273,control,0,0
1274,control,0,1
1275,control,0,0
1276,control,0,0
1277,control,0,0
1278,control,0,0
1279,control,0,0
1280,control,0,0
1281,control,1,0
1282,control,1,0
1283,control,0,0
1284,control,0,0
1285,control,0,0
1286,control,0,0
1287,control,1,0
1288,control,0,0
1289,control,0,0
1290,control,0,0
1291,control,0,0
1292,control,0,0
1293,control,0,0
1294,control,0,0
1295,control,0,0
1296,control,0,0
1297,control,1,0
1298,control,1,0
1299,control,0,0
1300,control,0,0
1301,control,1,0
1302,control,0,0
1303,control,0,0
1304,control,0,0
1305,control,0,0
1306,control,0,0
1307,control,0,0
1308,control,0,0
1309,control,0,0
1310,control,0,0
1311,control,0,0
1312,control,0,0
1313,control,0,0
1314,control,0,0
1315,control,0,0
1316,control,0,0
1317,control,0,0
1318,control,1,0
1319,control,0,0
1320,control,0,0
1321,control,0,0
1322,control,0,0
1323,control,0,0
1324,control,0,1
1325,control,0,0
1326,control,0,0
1327,control,0,0
1328,control,0,1
1329,control,0,0
1330,control,0,0
1331,control,0,0
1332,control,0,0
1333,control,1,0
1334,control,0,0
1335,control,0,0
1336,control,0,0
1337,control,0,0
1338,control,0,0
1339,control,0,0
1340,control,0,0
1341,control,0,0
1342,control,0,1
1343,control,1,0
1344,control,0,0
1345,control,0,0
1346,control,0,0
1347,control,1,0
1348,control,0,0
1349,control,0,0
1350,control,0,0
1351,control,0,0
1352,control,1,0
1353,control,0,0
1354,control,0,0
1355,control,0,0
1356,control,0,0
1357,control,0,0
1358,control,0,0
1359,control,0,0
1360,control,0,0
1361,control,0,0
1362,control,1,0
1363,control,1,0
1364,control,0,0
1365,control,0,0
1366,control,0,0
1367,control,0,0
1368,control,0,0
1369,control,0,0
1370,control,0,0
1371,control,0,0
1372,control,0,0
1373,control,0,0
1374,control,0,1
1375,control,1,0
1376,control,0,0
1377,control,0,0
1378,control,1,0
1379,control,0,0
1380,control,0,0
1381,control,0,0
1382,control,0,0
1383,control,0,0
1384,control,0,0
1385,control,0,0
1386,control,0,0
1387,control,0,1
1388,control,0,0
1389,control,0,0
1390,control,0,0
1391,control,0,0
1392,control,0,0
1393,control,0,1
1394,control,0,0
1395,control,0,0
1396,control,0,0
1397,control,0,0
1398,control,0,0
1399,control,0,0
1400,control,0,0
1401,control,0,0
1402,control,0,0
1403,control,0,0
1404,control,0,0
1405,control,0,0
1406,control,0,0
1407,control,0,0
1408,control,0,0
1409,control,1,0
1410,control,0,0
1411,control,0,0
1412,control,0,0
1413,control,0,0
1414,control,0,0
1415,control,0,0
1416,control,0,0
1417,control,0,0
1418,control,0,0
1419,control,0,0
1420,control,0,0
1421,control,0,0
1422,control,0,0
1423,control,0,0
1424,control,1,0
1425,control,0,0
1426,control,0,0
1427,control,0,0
1428,control,0,0
1429,control,0,0
1430,control,0,0
1431,control,0,0
1432,control,0,0
1433,control,0,0
1434,control,0,0
1435,control,0,0
1436,control,0,0
1437,control,1,0
1438,control,1,0
1439,control,0,0
1440,control,0,0
1441,control,0,0
1442,control,0,0
1443,control,0,0
1444,control,0,0
1445,control,0,0
1446,control,0,0
1447,control,1,0
1448,control,0,1
1449,control,0,0
1450,control,0,0
1451,control,0,0
1452,control,1,0
1453,control,0,0
1454,control,0,1
1455,control,1,0
1456,control,1,0
1457,control,0,0
1458,control,0,0
1459,control,0,1
1460,control,0,0
1461,control,1,0
1462,control,0,0
1463,control,0,0
1464,control,0,0
1465,control,0,0
1466,control,0,1
1467,control,0,0
1468,control,0,0
1469,control,0,0
1470,control,0,0
1471,control,1,0
1472,control,0,0
1473,control,0,0
1474,control,1,0
1475,control,0,0
1476,control,0,0
1477,control,0,0
1478,control,1,0
1479,control,0,0
1480,control,1,0
1481,control,0,0
1482,control,1,0
1483,control,0,0
1484,control,0,0
1485,control,0,0
1486,control,0,0
1487,control,0,0
1488,control,0,0
1489,control,0,0
1490,control,0,0
1491,control,0,1
1492,control,0,0
1493,control,0,0
1494,control,0,0
1495,control,0,0
1496,control,0,0
1497,control,0,0
1498,control,0,0
1499,control,1,0
1500,control,0,0
1501,control,0,0
1502,control,0,0
1503,control,0,0
1504,control,0,0
1505,control,0,0
1506,control,0,0
1507,control,0,0
1508,control,0,0
1509,control,0,0
1510,control,0,0
1511,control,0,0
1512,control,0,0
1513,control,0,0
1514,control,0,0
1515,control,0,0
1516,control,0,0
1517,control,0,0
1518,control,0,0
1519,control,0,0
1520,control,0,0
1521,control,0,0
1522,control,0,0
1523,control,1,0
1524,control,0,0
1525,control,1,0
1526,control,0,0
1527,control,0,0
1528,control,0,0
1529,control,0,0
1530,control,0,0
1531,control,1,0
1532,control,0,0
1533,control,0,0
1534,control,0,0
1535,control,0,0
1536,control,1,0
1537,control,0,0
1538,control,0,0
1539,control,0,0
1540,control,0,0
1541,control,0,0
1542,control,0,0
1543,control,0,1
1544,control,0,0
1545,control,0,0
1546,control,0,0
1547,control,0,0
1548,control,0,0
1549,control,0,0
1550,control,1,0
1551,control,0,0
1552,control,0,0
1553,control,0,0
1554,control,0,0
1555,control,1,0
1556,control,0,0
1557,control,0,0
1558,control,0,0
1559,control,0,0
1560,control,0,0
1561,control,0,0
1562,control,0,0
1563,control,0,0
1564,control,0,0
1565,control,0,0
1566,control,0,0
1567,control,1,0
1568,control,0,0
1569,control,0,0
1570,control,0,0
1571,control,0,0
1572,control,0,0
1573,control,0,0
1574,control,0,0
1575,control,0,0
1576,control,0,0
1577,control,1,0
1578,control,0,0
1579,control,0,0
1580,control,1,0
1581,control,0,0
1582,control,0,0
1583,control,0,0
1584,control,0,0
1585,control,0,0
1586,control,1,0
1587,control,0,0
1588,control,0,0
1589,control,0,0
1590,control,0,0
1591,control,0,0
1592,control,0,0
1593,control,0,0
1594,control,0,0
1595,control,0,0
1596,control,0,0
1597,control,0,0
1598,control,1,0
1599,control,0,1
1600,control,0,0
1601,control,0,0
1602,control,0,0
1603,control,0,0
1604,control,0,0
1605,control,0,0
1606,control,0,0
1607,control,0,0
1608,control,0,0
1609,control,0,0
1610,control,0,0
1611,control,0,0
1612,control,1,0
1613,control,0,0
1614,control,1,0
1615,control,0,0
1616,control,0,0
1617,control,0,0
1618,control,0,0
1619,control,1,0
1620,control,0,0
1621,control,0,0
1622,control,0,0
1623,control,0,0
1624,control,0,0
1625,control,1,0
1626,control,0,0
1627,control,0,0
1628,control,0,0
1629,control,0,0
1630,control,0,0
1631,control,0,0
1632,control,0,0
1633,control,0,0
1634,control,0,0
1635,control,0,0
1636,control,0,1
1637,control,0,0
1638,control,0,0
1639,control,1,0
1640,control,0,0
1641,control,0,0
1642,control,0,0
1643,control,0,0
1644,control,0,0
1645,control,0,0
1646,control,1,0
1647,control,0,0
1648,control,0,0
1649,control,0,0
1650,control,0,1
1651,control,0,0
1652,control,0,0
1653,control,0,0
1654,control,0,0
1655,control,0,0
1656,control,0,0
1657,control,0,0
1658,control,0,0
1659,control,1,0
1660,control,0,0
1661,control,0,0
1662,control,0,0
1663,control,0,0
1664,control,0,0
1665,control,0,0
1666,control,1,0
1667,control,0,0
1668,control,0,0
1669,control,1,0
1670,control,1,0
1671,control,0,0
1672,control,0,0
1673,control,0,0
1674,control,0,0
1675,control,0,0
1676,control,0,0
1677,control,0,0
1678,control,1,0
1679,control,0,0
1680,control,0,0
1681,control,0,0
1682,control,1,0
1683,control,1,0
1684,control,0,0
1685,control,0,0
1686,control,0,0
1687,control,0,0
1688,control,0,0
1689,control,0,0
1690,control,0,0
1691,control,0,0
1692,control,0,0
1693,control,0,0
1694,control,0,0
1695,control,0,0
1696,control,0,0
1697,control,0,0
1698,control,0,0
1699,control,0,0
1700,control,0,0
1701,control,0,0
1702,control,0,0
1703,control,0,0
1704,control,0,0
1705,control,0,0
1706,control,0,0
1707,control,0,0
1708,control,0,0
1709,control,0,0
1710,control,0,0
1711,control,0,0
1712,control,0,0
1713,control,0,0
1714,control,1,0
1715,control,0,0
1716,control,1,0
1717,control,0,0
1718,control,0,0
1719,control,0,0
1720,control,0,0
1721,control,1,1
1722,control,1,0
1723,control,0,0
1724,control,0,0
1725,control,1,0
1726,control,1,0
1727,control,1,0
1728,control,0,0
1729,control,0,0
1730,control,0,0
1731,control,0,0
1732,control,0,0
1733,control,0,0
1734,control,1,0
1735,control,0,0
1736,control,0,0
1737,control,0,0
1738,control,1,0
1739,control,0,0
1740,control,0,0
1741,control,0,0
1742,control,0,0
1743,control,0,0
1744,control,1,0
1745,control,0,0
1746,control,0,0
1747,control,0,0
1748,control,1,0
1749,control,0,0
1750,control,0,0
1751,control,0,0
1752,control,1,0
1753,control,0,0
1754,control,0,0
1755,control,0,0
1756,control,0,0
1757,control,0,0
1758,control,0,0
1759,control,0,0
1760,control,0,0
1761,control,0,0
1762,control,0,0
1763,control,0,0
1764,control,0,0
1765,control,0,0
1766,control,0,0
1767,control,0,0
1768,control,0,0
1769,control,0,0
1770,control,1,0
1771,control,0,0
1772,control,0,0
1773,control,0,0
1774,control,0,0
1775,control,0,0
1776,control,0,0
1777,control,1,0
1778,control,0,0
1779,control,1,0
1780,control,0,0
1781,control,0,0
1782,control,0,0
1783,control,0,0
1784,control,0,0
1785,control,0,0
1786,control,0,0
1787,control,0,0
1788,control,0,0
1789,control,0,0
1790,control,0,0
1791,control,0,0
1792,control,0,0
1793,control,0,0
1794,control,0,0
1795,control,0,0
1796,control,0,0
1797,control,0,0
1798,control,0,0
1799,control,1,0
1800,control,0,0
1801,control,0,0
1802,control,0,0
1803,control,1,0
1804,control,0,0
1805,control,0,0
1806,control,0,0
1807,control,0,0
1808,control,0,0
1809,control,0,0
1810,control,0,0
1811,control,0,0
1812,control,0,0
1813,control,0,0
1814,control,0,0
1815,control,1,0
1816,control,0,0
1817,control,0,0
1818,control,1,0
1819,control,0,0
1820,control,0,0
1821,control,0,0
1822,control,0,0
1823,control,0,0
1824,control,0,0
1825,control,0,0
1826,control,0,0
1827,control,0,0
1828,control,0,0
1829,control,0,0
1830,control,0,0
1831,control,0,0
1832,control,1,0
1833,control,0,0
1834,control,0,0
1835,control,0,0
1836,control,1,1
1837,control,1,0
1838,control,0,0
1839,control,1,0
1840,control,0,0
1841,control,0,0
1842,control,0,0
1843,control,0,0
1844,control,0,0
1845,control,0,0
1846,control,0,0
1847,control,0,0
1848,control,0,0
1849,control,0,0
1850,control,0,0
1851,control,0,0
1852,control,1,0
1853,control,0,0
1854,control,0,0
1855,control,0,0
1856,control,0,0
1857,control,0,0
1858,control,0,0
1859,control,0,0
1860,control,0,0
1861,control,0,0
1862,control,0,0
1863,control,0,0
1864,control,0,0
1865,control,0,0
1866,control,0,0
1867,control,1,0
1868,control,0,0
1869,control,0,0
1870,control,0,0
1871,control,0,0
1872,control,0,0
1873,control,1,0
1874,control,1,0
1875,control,0,0
1876,control,0,0
1877,control,0,0
1878,control,0,0
1879,control,0,0
1880,control,1,0
1881,control,1,0
1882,control,0,0
1883,control,0,0
1884,control,0,0
1885,control,0,0
1886,control,0,0
1887,control,0,0
1888,control,0,0
1889,control,0,0
1890,control,1,0
1891,control,0,0
1892,control,0,0
1893,control,0,0
1894,control,0,0
1895,control,1,0
1896,control,1,0
1897,control,0,0
1898,control,0,0
1899,control,0,0
1900,control,0,0
1901,control,0,0
1902,control,0,0
1903,control,0,0
1904,control,0,0
1905,control,0,0
1906,control,0,0
1907,control,0,0
1908,control,0,0
1909,control,0,0
1910,control,0,0
1911,control,0,0
1912,control,0,0
1913,control,0,0
1914,control,1,0
1915,control,0,0
1916,control,0,0
1917,control,1,0
1918,control,1,0
1919,control,1,0
1920,control,1,0
1921,control,0,0
1922,control,0,0
1923,control,1,0
1924,control,0,0
1925,control,0,0
1926,control,0,0
1927,control,0,0
1928,control,0,0
1929,control,0,0
1930,control,0,0
1931,control,1,0
1932,control,1,0
1933,control,0,0
1934,control,0,0
1935,control,0,0
1936,control,0,0
1937,control,1,0
1938,control,0,0
1939,control,0,0
1940,control,0,0
1941,control,0,1
1942,control,0,0
1943,control,0,0
1944,control,0,0
1945,control,0,0
1946,control,0,0
1947,control,0,0
1948,control,0,0
1949,control,0,0
1950,control,1,0
1951,control,0,0
1952,control,0,0
1953,control,0,0
1954,control,0,0
1955,control,0,0
1956,control,0,0
1957,control,0,0
1958,control,0,0
1959,control,0,0
1960,control,0,0
1961,control,0,0
1962,control,0,0
1963,control,0,1
1964,control,0,0
1965,control,0,0
1966,control,0,0
1967,control,0,0
1968,control,0,0
1969,control,0,0
1970,control,0,0
1971,control,0,0
1972,control,0,0
1973,control,0,0
1974,control,0,1
1975,control,0,0
1976,control,0,0
1977,control,1,0
1978,control,0,0
1979,control,1,0
1980,control,0,0
1981,control,0,0
1982,control,0,0
1983,control,0,0
1984,control,0,0
1985,control,0,0
1986,control,0,0
1987,control,0,0
1988,control,0,0
1989,control,0,0
1990,control,0,0
1991,control,0,0
1992,control,0,0
1993,control,0,0
1994,control,0,0
1995,control,0,0
1996,control,0,0
1997,control,0,0
1998,control,1,0
1999,control,0,0
2000,control,0,0
2001,control,0,0
2002,control,0,0
2003,control,0,0
2004,control,0,0
2005,control,0,0
2006,control,0,0
2007,control,0,0
2008,control,0,0
2009,control,1,0
2010,control,0,0
2011,control,0,0
2012,control,1,0
2013,control,0,0
2014,control,0,0
2015,control,0,0
2016,control,0,0
2017,control,0,0
2018,control,0,0
2019,control,0,0
2020,control,0,0
2021,control,0,0
2022,control,0,0
2023,control,0,0
2024,control,0,0
2025,control,0,0
2026,control,0,0
2027,control,0,0
2028,control,0,0
2029,control,0,0
2030,control,0,0
2031,control,0,0
2032,control,0,0
2033,control,0,0
2034,control,0,0
2035,control,0,0
2036,control,0,0
2037,control,1,0
2038,control,0,1
2039,control,0,0
2040,control,0,0
2041,control,0,0
2042,control,0,0
2043,control,0,0
2044,control,0,0
2045,control,0,0
2046,control,0,0
2047,control,0,0
2048,control,0,0
2049,control,1,0
2050,control,0,0
2051,control,0,0
2052,control,0,0
2053,control,0,0
2054,control,0,0
2055,control,0,0
2056,control,1,0
2057,control,0,0
2058,control,0,0
2059,control,0,0
2060,control,0,0
2061,control,0,0
2062,control,0,1
2063,control,0,0
2064,control,0,0
2065,control,0,0
2066,control,1,0
2067,control,1,0
2068,control,0,0
2069,control,0,0
2070,control,0,0
2071,control,1,0
2072,control,0,0
2073,control,1,0
2074,control,0,0
2075,control,0,0
2076,control,0,0
2077,control,0,0
2078,control,0,0
2079,control,0,0
2080,control,0,0
2081,control,0,1
2082,control,0,0
2083,control,1,0
2084,control,0,0
2085,control,0,0
2086,control,1,0
2087,control,0,0
2088,control,0,0
2089,control,0,0
2090,control,0,0
2091,control,0,0
2092,control,0,0
2093,control,0,0
2094,control,1,0
2095,control,0,0
2096,control,1,0
2097,control,0,0
2098,control,0,0
2099,control,1,0
2100,control,0,0
2101,control,0,0
2102,control,0,0
2103,control,0,0
2104,control,0,0
2105,control,1,0
2106,control,0,0
2107,control,1,0
2108,control,0,1
2109,control,0,0
2110,control,0,0
2111,control,0,0
2112,control,0,0
2113,control,0,0
2114,control,0,0
2115,control,0,0
2116,control,0,0
2117,control,0,0
2118,control,1,0
2119,control,0,0
2120,control,0,0
2121,control,1,0
2122,control,0,0
2123,control,0,0
2124,control,0,0
2125,control,0,0
2126,control,0,0
2127,control,0,0
2128,control,0,0
2129,control,0,0
2130,control,0,0
2131,control,0,0
2132,control,0,0
2133,control,1,0
2134,control,0,0
2135,control,0,0
2136,control,0,0
2137,control,1,0
2138,control,0,0
2139,control,0,0
2140,control,0,0
2141,control,0,0
2142,control,0,0
2143,control,0,0
2144,control,1,0
2145,control,0,0
2146,control,0,0
2147,control,0,0
2148,control,0,0
2149,control,0,0
2150,control,0,0
2151,control,1,0
2152,control,0,0
2153,control,0,0
2154,control,0,0
2155,control,0,0
2156,control,0,0
2157,control,0,0
2158,control,0,0
2159,control,1,0
2160,control,0,0
2161,control,0,0
2162,control,0,0
2163,control,0,0
2164,control,1,0
2165,control,0,0
2166,control,0,0
2167,control,0,0
2168,control,0,0
2169,control,0,0
2170,control,0,0
2171,control,0,0
2172,control,0,0
2173,control,0,0
2174,control,0,0
2175,control,0,0
2176,control,0,0
2177,control,0,0
2178,control,1,0
2179,control,1,0
2180,control,0,0
2181,control,0,0
2182,control,0,0
2183,control,0,0
2184,control,0,0
2185,control,0,0
2186,control,0,0
2187,control,1,0
2188,control,0,0
2189,control,1,0
2190,control,0,0
2191,control,0,0
2192,control,0,0
2193,control,0,0
2194,control,0,0
2195,control,0,0
2196,control,0,0
2197,control,0,1
2198,control,0,0
2199,control,0,0
2200,control,0,0
2201,control,0,0
2202,control,0,0
2203,control,0,0
2204,control,0,0
2205,control,0,0
2206,control,1,0
2207,control,0,0
2208,control,0,1
2209,control,0,0
2210,control,0,0
2211,control,0,1
2212,control,0,0
2213,control,0,1
2214,control,0,0
2215,control,0,0
2216,control,0,0
2217,control,0,0
2218,control,0,0
2219,control,0,0
2220,control,0,0
2221,control,0,0
2222,control,0,0
2223,control,0,0
2224,control,0,0
2225,control,1,0
2226,control,0,0
2227,control,0,0
2228,control,0,0
2229,control,0,0
2230,control,0,0
2231,control,1,0
2232,control,0,0
2233,control,0,0
2234,control,0,0
2235,control,1,0
2236,control,0,0
2237,control,0,0
2238,control,0,0
2239,control,1,0
2240,control,0,0
2241,control,0,0
2242,control,0,0
2243,control,0,0
2244,control,0,0
2245,control,0,0
2246,control,0,0
2247,control,1,0
2248,control,0,0
2249,control,0,0
2250,control,0,0
2251,control,0,0
2252,control,0,0
2253,control,0,0
2254,control,0,0
2255,control,0,0
2256,control,0,0
2257,control,0,0
2258,control,0,0
2259,control,0,0
2260,control,1,0
2261,control,0,0
2262,control,0,0
2263,control,0,0
2264,control,1,0
2265,control,0,0
2266,control,0,0
2267,control,0,0
2268,control,0,0
2269,control,1,0
2270,control,0,0
2271,control,0,0
2272,control,1,0
2273,control,0,0
2274,control,0,0
2275,control,0,0
2276,control,1,0
2277,control,0,0
2278,control,0,0
2279,control,1,0
2280,control,1,0
2281,control,0,0
2282,control,0,0
2283,control,0,0
2284,control,0,0
2285,control,0,0
2286,control,0,0
2287,control,0,0
2288,control,1,0
2289,control,0,0
2290,control,0,0
2291,control,0,0
2292,control,0,0
2293,control,0,0
2294,control,0,0
2295,control,0,0
2296,control,0,0
2297,control,0,0
2298,control,1,0
2299,control,0,0
2300,control,0,0
2301,control,0,0
2302,control,0,0
2303,control,0,1
2304,control,0,0
2305,control,0,0
2306,control,0,0
2307,control,0,0
2308,control,0,0
2309,control,0,0
2310,control,0,0
2311,control,0,0
2312,control,0,0
2313,control,0,0
2314,control,0,0
2315,control,1,0
2316,control,0,0
2317,control,0,0
2318,control,0,0
2319,control,0,0
2320,control,0,0
2321,control,0,0
2322,control,0,0
2323,control,0,0
2324,control,0,0
2325,control,0,0
2326,control,0,0
2327,control,0,0
2328,control,0,0
2329,control,0,0
2330,control,0,0
2331,control,0,0
2332,control,0,0
2333,control,0,0
2334,control,0,0
2335,control,0,0
2336,control,0,0
2337,control,1,0
2338,control,1,0
2339,control,1,0
2340,control,1,0
2341,control,0,1
2342,control,0,0
2343,control,0,0
2344,control,0,0
2345,control,0,0
2346,control,0,0
2347,control,0,0
2348,control,0,0
2349,control,0,0
2350,control,0,0
2351,control,0,1
2352,control,0,0
2353,control,0,0
2354,control,0,0
2355,control,0,0
2356,control,0,0
2357,control,0,0
2358,control,0,0
2359,control,1,0
2360,control,0,0
2361,control,0,0
2362,control,0,0
2363,control,0,0
2364,control,0,0
2365,control,0,0
2366,control,0,0
2367,control,1,0
2368,control,0,0
2369,control,0,0
2370,control,0,0
2371,control,0,0
2372,control,0,0
2373,control,0,0
2374,control,0,0
2375,control,0,0
2376,control,0,0
2377,control,0,0
2378,control,1,0
2379,control,0,0
2380,control,0,0
2381,control,0,0
2382,control,0,0
2383,control,1,0
2384,control,0,0
2385,control,0,0
2386,control,0,0
2387,control,0,0
2388,control,0,0
2389,control,0,0
2390,control,0,0
2391,control,0,0
2392,control,0,0
2393,control,0,0
2394,control,0,0
2395,control,0,0
2396,control,0,0
2397,control,0,0
2398,control,0,0
2399,control,0,0
2400,control,0,0
2401,control,0,0
2402,control,0,0
2403,control,1,0
2404,control,0,0
2405,control,0,0
2406,control,0,0
2407,control,0,0
2408,control,0,0
2409,control,0,0
2410,control,0,0
2411,control,0,0
2412,control,0,0
2413,control,0,0
2414,control,0,0
2415,control,0,0
2416,control,0,0
2417,control,0,0
2418,control,0,0
2419,control,0,0
2420,control,0,0
2421,control,0,0
2422,control,0,0
2423,control,0,0
2424,control,1,0
2425,control,0,0
2426,control,0,0
2427,control,0,0
2428,control,0,0
2429,control,0,0
2430,control,1,0
2431,control,0,0
2432,control,0,0
2433,control,0,0
2434,control,0,0
2435,control,0,0
2436,control,0,0
2437,control,0,0
2438,control,1,0
2439,control,0,0
2440,control,0,0
2441,control,0,0
2442,control,0,0
2443,control,0,0
2444,control,0,0
2445,control,0,0
2446,control,0,0
2447,control,0,0
2448,control,0,0
2449,control,1,0
2450,control,0,0
2451,control,0,0
2452,control,0,0
2453,control,0,0
2454,control,0,0
2455,control,0,0
2456,control,0,0
2457,control,0,0
2458,control,0,0
2459,control,0,0
2460,control,0,0
2461,control,0,0
2462,control,0,0
2463,control,0,0
2464,control,0,0
2465,control,0,0
2466,control,0,0
2467,control,1,0
2468,control,0,0
2469,control,0,0
2470,control,0,0
2471,control,0,0
2472,control,0,0
2473,control,0,0
2474,control,0,0
2475,control,0,0
2476,control,0,0
2477,control,0,0
2478,control,0,0
2479,control,0,0
2480,control,1,0
2481,control,0,0
2482,control,0,0
2483,control,0,0
2484,control,1,0
2485,control,1,0
2486,control,0,0
2487,control,0,0
2488,control,0,0
2489,control,0,0
2490,control,1,0
2491,control,0,0
2492,control,0,0
2493,control,1,0
2494,control,1,0
2495,control,1,0
2496,control,1,0
2497,control,0,1
2498,control,0,0
2499,control,0,0
2500,control,0,0
2501,control,0,0
2502,control,0,0
2503,control,0,0
2504,control,1,0
2505,control,0,0
2506,control,1,0
2507,control,1,0
2508,control,0,0
2509,control,0,0
2510,control,0,0
2511,control,1,0
2512,control,0,0
2513,control,0,1
2514,control,1,0
2515,control,0,0
2516,control,0,0
2517,control,0,0
2518,control,0,0
2519,control,0,0
2520,control,0,0
2521,control,0,0
2522,control,0,0
2523,control,0,0
2524,control,0,0
2525,control,0,0
2526,control,0,0
2527,control,0,0
2528,control,0,0
2529,control,0,1
2530,control,0,0
2531,control,0,0
2532,control,0,0
2533,control,0,0
2534,control,0,0
2535,control,0,0
2536,control,0,0
2537,control,0,0
2538,control,0,0
2539,control,0,0
2540,control,0,0
2541,control,0,0
2542,control,0,0
2543,control,1,0
2544,control,0,0
2545,control,0,0
2546,control,0,0
2547,control,0,0
2548,control,0,0
2549,control,1,0
2550,control,0,0
2551,control,0,0
2552,control,0,0
2553,control,0,0
2554,control,0,1
2555,control,1,0
2556,control,0,0
2557,control,0,0
2558,control,0,0
2559,control,0,0
2560,control,0,0
2561,control,0,0
2562,control,0,0
2563,control,1,0
2564,control,0,0
2565,control,0,0
2566,control,1,0
2567,control,0,0
2568,control,0,0
2569,control,0,0
2570,control,0,0
2571,control,1,0
2572,control,0,0
2573,control,0,0
2574,control,0,0
2575,control,1,0
2576,control,0,0
2577,control,0,0
2578,control,0,0
2579,control,0,0
2580,control,0,0
2581,control,0,0
2582,control,0,0
2583,control,0,0
2584,control,0,0
2585,control,0,0
2586,control,0,0
2587,control,0,0
2588,control,0,0
2589,control,0,0
2590,control,1,1
2591,control,0,0
2592,control,0,0
2593,control,1,0
2594,control,0,0
2595,control,0,0
2596,control,0,0
2597,control,0,0
2598,control,0,0
2599,control,0,0
2600,control,0,0
2601,control,0,0
2602,control,0,0
2603,control,0,0
2604,control,0,0
2605,control,0,0
2606,control,1,0
2607,control,0,0
2608,control,0,0
2609,control,0,0
2610,control,0,0
2611,control,0,0
2612,control,0,0
2613,control,0,0
2614,control,0,0
2615,control,0,0
2616,control,0,0
2617,control,0,0
2618,control,0,0
2619,control,0,0
2620,control,0,0
2621,control,1,0
2622,control,0,0
2623,control,1,0
2624,control,0,0
2625,control,1,0
2626,control,0,0
2627,control,0,0
2628,control,0,0
2629,control,0,0
2630,control,0,0
2631,control,0,0
2632,control,0,0
2633,control,0,0
2634,control,0,0
2635,control,0,0
2636,control,1,0
2637,control,0,1
2638,control,0,0
2639,control,1,0
2640,control,0,0
2641,control,0,0
2642,control,0,0
2643,control,1,0
2644,control,0,0
2645,control,0,0
2646,control,0,0
2647,control,0,0
2648,control,0,0
2649,control,0,0
2650,control,0,0
2651,control,0,0
2652,control,0,1
2653,control,0,0
2654,control,0,0
2655,control,1,0
2656,control,0,0
2657,control,0,0
2658,control,0,0
2659,control,0,0
2660,control,0,0
2661,control,0,0
2662,control,0,0
2663,control,0,0
2664,control,0,0
2665,control,0,0
2666,control,0,0
2667,control,0,0
2668,control,1,0
2669,control,0,1
2670,control,0,0
2671,control,0,0
2672,control,0,0
2673,control,0,0
2674,control,0,0
2675,control,0,0
2676,control,0,0
2677,control,0,0
2678,control,0,0
2679,control,0,0
2680,control,0,0
2681,control,0,0
2682,control,1,0
2683,control,0,0
2684,control,0,0
2685,control,0,1
2686,control,0,0
2687,control,0,0
2688,control,0,0
2689,control,1,0
2690,control,0,0
2691,control,0,0
2692,control,0,0
2693,control,0,0
2694,control,0,0
2695,control,0,0
2696,control,0,0
2697,control,0,0
2698,control,0,0
2699,control,0,0
2700,control,1,0
2701,control,0,0
2702,control,0,0
2703,control,0,0
2704,control,0,0
2705,control,0,0
2706,control,0,0
2707,control,0,0
2708,control,0,0
2709,control,0,0
2710,control,0,0
2711,control,0,0
2712,control,1,0
2713,control,0,0
2714,control,0,0
2715,control,0,0
2716,control,0,0
2717,control,0,0
2718,control,0,0
2719,control,0,0
2720,control,0,0
2721,control,0,0
2722,control,0,0
2723,control,0,0
2724,control,0,0
2725,control,0,0
2726,control,0,0
2727,control,0,0
2728,control,0,0
2729,control,0,0
2730,control,0,0
2731,control,0,0
2732,control,0,0
2733,control,0,0
2734,control,0,1
2735,control,0,0
2736,control,0,0
2737,control,0,0
2738,control,1,0
2739,control,0,0
2740,control,0,0
2741,control,1,0
2742,control,0,0
2743,control,0,0
2744,control,0,0
2745,control,0,0
2746,control,0,0
2747,control,0,0
2748,control,0,0
2749,control,0,0
2750,control,0,0
2751,control,0,0
2752,control,0,0
2753,control,1,0
2754,control,0,0
2755,control,0,0
2756,control,0,0
2757,control,0,0
2758,control,0,0
2759,control,0,0
2760,control,0,0
2761,control,0,1
2762,control,0,0
2763,control,0,0
2764,control,1,0
2765,control,0,0
2766,control,0,0
2767,control,0,0
2768,control,0,0
2769,control,0,0
2770,control,0,0
2771,control,0,0
2772,control,0,0
2773,control,0,0
2774,control,0,0
2775,control,0,0
2776,control,0,0
2777,control,0,0
2778,control,1,0
2779,control,0,0
2780,control,0,0
2781,control,0,0
2782,control,0,0
2783,control,0,0
2784,control,0,0
2785,control,0,0
2786,control,0,0
2787,control,0,0
2788,control,0,0
2789,control,1,0
2790,control,0,0
2791,control,0,0
2792,control,1,0
2793,control,0,0
2794,control,0,0
2795,control,0,0
2796,control,0,0
2797,control,0,0
2798,control,0,0
2799,control,0,0
2800,control,0,0
2801,control,0,0
2802,control,0,0
2803,control,0,0
2804,control,0,1
2805,control,0,0
2806,control,0,0
2807,control,0,0
2808,control,0,0
2809,control,0,0
2810,control,0,0
2811,control,0,0
2812,control,1,0
2813,control,1,0
2814,control,0,0
2815,control,0,0
2816,control,0,0
2817,control,0,0
2818,control,0,0
2819,control,0,0
2820,control,0,0
2821,control,0,0
2822,control,0,0
2823,control,0,0
2824,control,0,0
2825,control,0,0
2826,control,0,0
2827,control,0,0
2828,control,0,0
2829,control,0,0
2830,control,0,0
2831,control,0,0
2832,control,0,0
2833,control,0,0
2834,control,0,0
2835,control,0,0
2836,control,0,0
2837,control,0,0
2838,control,0,0
2839,control,0,0
2840,control,1,0
2841,control,0,0
2842,control,0,0
2843,control,0,0
2844,control,0,0
2845,control,0,0
2846,control,0,0
2847,control,0,0
2848,control,1,0
2849,control,0,0
2850,control,0,0
2851,control,0,0
2852,control,0,1
2853,control,0,0
2854,control,0,0
2855,control,0,0
2856,control,0,0
2857,control,0,0
2858,control,0,0
2859,control,1,0
2860,control,0,0
2861,control,0,0
2862,control,0,0
2863,control,0,0
2864,control,1,0
2865,control,0,0
2866,control,0,0
2867,control,0,0
2868,control,0,0
2869,control,1,0
2870,control,0,0
2871,control,0,0
2872,control,0,0
2873,control,0,0
2874,control,0,0
2875,control,0,0
2876,control,0,0
2877,control,0,0
2878,control,1,0
2879,control,0,0
2880,control,1,0
2881,control,1,0
2882,control,0,0
2883,control,0,0
2884,control,0,0
2885,control,0,0
2886,control,0,0
2887,control,0,0
2888,control,0,0
2889,control,0,0
2890,control,0,0
2891,control,0,0
2892,control,0,0
2893,control,1,0
2894,control,0,0
2895,control,0,0
2896,control,0,0
2897,control,0,0
2898,control,0,0
2899,control,0,0
2900,control,0,0
2901,control,0,0
2902,control,0,0
2903,control,0,0
2904,control,0,0
2905,control,0,0
2906,control,0,0
2907,control,0,0
2908,control,0,0
2909,control,0,0
2910,control,0,0
2911,control,0,1
2912,control,0,0
2913,control,0,0
2914,control,0,0
2915,control,0,0
2916,control,0,1
2917,control,0,0
2918,control,0,0
2919,control,0,1
2920,control,0,0
2921,control,0,0
2922,control,0,0
2923,control,0,0
2924,control,0,0
2925,control,1,0
2926,control,1,0
2927,control,0,0
2928,control,0,0
2929,control,0,0
2930,control,0,0
2931,control,1,0
2932,control,0,0
2933,control,0,0
2934,control,1,0
2935,control,0,0
2936,control,0,0
2937,control,0,0
2938,control,0,0
2939,control,0,1
2940,control,0,0
2941,control,0,0
2942,control,1,0
2943,control,0,0
2944,control,0,1
2945,control,0,0
2946,control,0,0
2947,control,1,0
2948,control,0,0
2949,control,1,0
2950,control,0,0
2951,control,0,0
2952,control,0,0
2953,control,0,0
2954,control,0,0
2955,control,0,0
2956,control,0,0
2957,control,0,0
2958,control,0,0
2959,control,0,0
2960,control,0,0
2961,control,0,0
2962,control,0,0
2963,control,1,0
2964,control,0,0
2965,control,0,0
2966,control,1,0
2967,control,0,0
2968,control,0,0
2969,control,0,0
2970,control,0,0
2971,control,0,0
2972,control,0,0
2973,control,0,0
2974,control,1,0
2975,control,1,0
2976,control,0,0
2977,control,1,0
2978,control,0,0
2979,control,0,0
2980,control,0,0
2981,control,0,0
2982,control,0,0
2983,control,0,0
2984,control,0,0
2985,control,0,0
2986,control,0,0
2987,control,0,0
2988,control,0,0
2989,control,0,0
2990,control,1,0
2991,control,0,0
2992,control,0,0
2993,control,0,0
2994,control,0,0
2995,control,0,0
2996,control,0,0
2997,control,0,0
2998,control,0,0
2999,control,0,0
3000,control,0,0
3001,pilot,0,0
3002,pilot,0,0
3003,pilot,0,0
3004,pilot,0,0
3005,pilot,0,0
3006,pilot,0,0
3007,pilot,1,0
3008,pilot,1,0
3009,pilot,1,0
3010,pilot,0,0
3011,pilot,1,0
3012,pilot,0,0
3013,pilot,0,0
3014,pilot,0,0
3015,pilot,0,0
3016,pilot,0,0
3017,pilot,0,0
3018,pilot,0,0
3019,pilot,0,0
3020,pilot,0,0
3021,pilot,0,0
3022,pilot,0,0
3023,pilot,0,0
3024,pilot,0,0
3025,pilot,0,0
3026,pilot,0,0
3027,pilot,0,0
3028,pilot,0,0
3029,pilot,0,0
3030,pilot,0,0
3031,pilot,0,0
3032,pilot,0,0
3033,pilot,0,0
3034,pilot,1,0
3035,pilot,0,0
3036,pilot,0,0
3037,pilot,0,0
3038,pilot,0,0
3039,pilot,1,0
3040,pilot,0,0
3041,pilot,0,0
3042,pilot,0,0
3043,pilot,0,1
3044,pilot,0,0
3045,pilot,0,0
3046,pilot,0,0
3047,pilot,0,0
3048,pilot,0,0
3049,pilot,0,0
3050,pilot,0,0
3051,pilot,0,0
3052,pilot,0,0
3053,pilot,0,0
3054,pilot,0,0
3055,pilot,0,0
3056,pilot,1,0
3057,pilot,0,0
3058,pilot,0,0
3059,pilot,0,0
3060,pilot,0,0
3061,pilot,1,0
3062,pilot,0,0
3063,pilot,0,0
3064,pilot,0,1
3065,pilot,0,0
3066,pilot,0,0
3067,pilot,0,0
3068,pilot,0,1
3069,pilot,0,0
3070,pilot,0,0
3071,pilot,0,0
3072,pilot,0,0
3073,pilot,0,0
3074,pilot,0,0
3075,pilot,0,0
3076,pilot,0,0
3077,pilot,0,0
3078,pilot,1,0
3079,pilot,0,0
3080,pilot,0,0
3081,pilot,0,0
3082,pilot,1,0
3083,pilot,0,0
3084,pilot,0,0
3085,pilot,0,0
3086,pilot,0,0
3087,pilot,0,1
3088,pilot,0,0
3089,pilot,0,0
3090,pilot,0,0
3091,pilot,0,0
3092,pilot,0,0
3093,pilot,0,0
3094,pilot,1,0
3095,pilot,0,0
3096,pilot,0,0
3097,pilot,0,1
3098,pilot,0,0
3099,pilot,0,0
3100,pilot,0,0
3101,pilot,0,0
3102,pilot,0,0
3103,pilot,0,0
3104,pilot,0,0
3105,pilot,0,0
3106,pilot,1,0
3107,pilot,0,0
3108,pilot,1,1
3109,pilot,0,0
3110,pilot,0,0
3111,pilot,0,0
3112,pilot,0,0
3113,pilot,1,0
3114,pilot,0,0
3115,pilot,0,1
3116,pilot,0,0
3117,pilot,0,0
3118,pilot,0,0
3119,pilot,1,0
3120,pilot,0,0
3121,pilot,0,0
3122,pilot,0,0
3123,pilot,0,0
3124,pilot,0,0
3125,pilot,0,0
3126,pilot,0,0
3127,pilot,0,0
3128,pilot,0,0
3129,pilot,0,0
3130,pilot,0,0
3131,pilot,0,0
3132,pilot,0,0
3133,pilot,0,0
3134,pilot,0,0
3135,pilot,0,0
3136,pilot,0,0
3137,pilot,0,0
3138,pilot,0,0
3139,pilot,0,0
3140,pilot,1,0
3141,pilot,0,0
3142,pilot,0,0
3143,pilot,0,0
3144,pilot,0,0
3145,pilot,0,0
3146,pilot,0,0
3147,pilot,1,0
3148,pilot,0,0
3149,pilot,1,0
3150,pilot,0,0
3151,pilot,0,0
3152,pilot,0,0
3153,pilot,0,0
3154,pilot,0,0
3155,pilot,0,0
3156,pilot,0,0
3157,pilot,0,0
3158,pilot,0,0
3159,pilot,0,0
3160,pilot,0,0
3161,pilot,0,0
3162,pilot,0,0
3163,pilot,0,1
3164,pilot,0,0
3165,pilot,0,0
3166,pilot,0,0
3167,pilot,0,0
3168,pilot,0,0
3169,pilot,0,0
3170,pilot,0,0
3171,pilot,0,0
3172,pilot,0,0
3173,pilot,0,0
3174,pilot,0,0
3175,pilot,0,0
3176,pilot,0,0
3177,pilot,0,0
3178,pilot,0,0
3179,pilot,0,0
3180,pilot,0,0
3181,pilot,0,1
3182,pilot,0,0
3183,pilot,0,0
3184,pilot,0,0
3185,pilot,0,0
3186,pilot,0,0
3187,pilot,0,0
3188,pilot,0,0
3189,pilot,0,0
3190,pilot,0,0
3191,pilot,0,0
3192,pilot,0,0
3193,pilot,1,0
3194,pilot,0,0
3195,pilot,0,0
3196,pilot,0,0
3197,pilot,0,0
3198,pilot,0,0
3199,pilot,0,0
3200,pilot,0,0
3201,pilot,0,0
3202,pilot,0,0
3203,pilot,0,0
3204,pilot,0,0
3205,pilot,0,0
3206,pilot,0,0
3207,pilot,1,0
3208,pilot,0,0
3209,pilot,0,0
3210,pilot,0,0
3211,pilot,0,0
3212,pilot,0,0
3213,pilot,0,0
3214,pilot,0,1
3215,pilot,0,0
3216,pilot,0,0
3217,pilot,1,0
3218,pilot,0,0
3219,pilot,0,0
3220,pilot,0,0
3221,pilot,0,0
3222,pilot,0,0
3223,pilot,0,0
3224,pilot,0,0
3225,pilot,1,0
3226,pilot,0,0
3227,pilot,0,0
3228,pilot,0,0
3229,pilot,0,0
3230,pilot,0,1
3231,pilot,0,0
3232,pilot,0,0
3233,pilot,1,0
3234,pilot,0,0
3235,pilot,0,0
3236,pilot,0,0
3237,pilot,0,0
3238,pilot,0,0
3239,pilot,0,0
3240,pilot,0,0
3241,pilot,0,0
3242,pilot,0,0
3243,pilot,0,0
3244,pilot,0,0
3245,pilot,0,0
3246,pilot,0,0
3247,pilot,1,0
3248,pilot,1,0
3249,pilot,0,0
3250,pilot,0,0
3251,pilot,0,0
3252,pilot,0,0
3253,pilot,0,0
3254,pilot,1,0
3255,pilot,0,0
3256,pilot,0,0
3257,pilot,0,0
3258,pilot,0,0
3259,pilot,0,0
3260,pilot,0,0
3261,pilot,0,0
3262,pilot,0,0
3263,pilot,0,0
3264,pilot,0,1
3265,pilot,0,0
3266,pilot,0,0
3267,pilot,0,0
3268,pilot,1,0
3269,pilot,0,0
3270,pilot,0,0
3271,pilot,0,0
3272,pilot,0,1
3273,pilot,0,0
3274,pilot,0,0
3275,pilot,0,0
3276,pilot,0,0
3277,pilot,0,0
3278,pilot,0,1
3279,pilot,0,0
3280,pilot,0,0
3281,pilot,0,0
3282,pilot,0,0
3283,pilot,0,0
3284,pilot,0,1
3285,pilot,0,0
3286,pilot,0,0
3287,pilot,0,0
3288,pilot,0,0
3289,pilot,0,0
3290,pilot,0,1
3291,pilot,0,0
3292,pilot,0,0
3293,pilot,0,0
3294,pilot,1,0
3295,pilot,0,0
3296,pilot,0,0
3297,pilot,0,0
3298,pilot,1,0
3299,pilot,0,0
3300,pilot,0,0
3301,pilot,0,0
3302,pilot,0,0
3303,pilot,0,0
3304,pilot,0,0
3305,pilot,1,0
3306,pilot,0,0
3307,pilot,0,0
3308,pilot,0,0
3309,pilot,0,0
3310,pilot,0,0
3311,pilot,0,1
3312,pilot,0,0
3313,pilot,0,0
3314,pilot,0,0
3315,pilot,0,0
3316,pilot,0,0
3317,pilot,0,0
3318,pilot,0,0
3319,pilot,0,0
3320,pilot,0,0
3321,pilot,0,0
3322,pilot,0,0
3323,pilot,0,0
3324,pilot,0,0
3325,pilot,0,0
3326,pilot,0,0
3327,pilot,0,0
3328,pilot,0,0
3329,pilot,0,0
3330,pilot,0,0
3331,pilot,0,0
3332,pilot,1,0
3333,pilot,0,0
3334,pilot,0,0
3335,pilot,0,0
3336,pilot,0,0
3337,pilot,0,0
3338,pilot,0,0
3339,pilot,1,0
3340,pilot,0,0
3341,pilot,0,0
3342,pilot,0,0
3343,pilot,0,1
3344,pilot,0,0
3345,pilot,0,0
3346,pilot,0,0
3347,pilot,0,0
3348,pilot,0,0
3349,pilot,0,0
3350,pilot,0,0
3351,pilot,0,0
3352,pilot,0,0
3353,pilot,0,0
3354,pilot,0,0
3355,pilot,0,0
3356,pilot,0,1
3357,pilot,0,0
3358,pilot,0,0
3359,pilot,0,0
3360,pilot,0,0
3361,pilot,0,0
3362,pilot,0,0
3363,pilot,0,0
3364,pilot,0,0
3365,pilot,0,0
3366,pilot,0,0
3367,pilot,0,0
3368,pilot,0,0
3369,pilot,0,0
3370,pilot,0,0
3371,pilot,0,0
3372,pilot,0,0
3373,pilot,1,0
3374,pilot,0,0
3375,pilot,0,0
3376,pilot,0,0
3377,pilot,0,0
3378,pilot,0,0
3379,pilot,0,0
3380,pilot,0,0
3381,pilot,0,0
3382,pilot,0,0
3383,pilot,0,0
3384,pilot,0,0
3385,pilot,0,0
3386,pilot,1,0
3387,pilot,0,1
3388,pilot,0,0
3389,pilot,0,0
3390,pilot,0,0
3391,pilot,0,0
3392,pilot,1,1
3393,pilot,0,0
3394,pilot,0,0
3395,pilot,0,0
3396,pilot,0,0
3397,pilot,0,0
3398,pilot,0,0
3399,pilot,0,0
3400,pilot,0,0
3401,pilot,0,0
3402,pilot,0,0
3403,pilot,0,0
3404,pilot,0,0
3405,pilot,0,0
3406,pilot,1,0
3407,pilot,0,0
3408,pilot,0,0
3409,pilot,0,0
3410,pilot,0,0
3411,pilot,0,0
3412,pilot,0,1
3413,pilot,0,0
3414,pilot,0,0
3415,pilot,0,0
3416,pilot,0,0
3417,pilot,0,0
3418,pilot,0,0
3419,pilot,0,0
3420,pilot,0,0
3421,pilot,0,0
3422,pilot,0,0
3423,pilot,0,0
3424,pilot,0,0
3425,pilot,0,0
3426,pilot,0,1
3427,pilot,0,0
3428,pilot,0,0
3429,pilot,0,0
3430,pilot,0,0
3431,pilot,0,0
3432,pilot,0,0
3433,pilot,0,0
3434,pilot,0,0
3435,pilot,0,0
3436,pilot,0,0
3437,pilot,0,0
3438,pilot,0,0
3439,pilot,0,0
3440,pilot,0,0
3441,pilot,0,0
3442,pilot,0,0
3443,pilot,0,0
3444,pilot,0,0
3445,pilot,0,0
3446,pilot,1,0
3447,pilot,0,0
3448,pilot,0,0
3449,pilot,0,0
3450,pilot,0,1
3451,pilot,0,0
3452,pilot,0,0
3453,pilot,0,0
3454,pilot,0,0
3455,pilot,0,0
3456,pilot,0,0
3457,pilot,0,0
3458,pilot,0,0
3459,pilot,0,0
3460,pilot,0,0
3461,pilot,0,0
3462,pilot,0,0
3463,pilot,0,0
3464,pilot,0,0
3465,pilot,0,0
3466,pilot,0,0
3467,pilot,0,0
3468,pilot,1,0
3469,pilot,0,0
3470,pilot,0,0
3471,pilot,0,0
3472,pilot,1,0
3473,pilot,0,0
3474,pilot,0,0
3475,pilot,0,0
3476,pilot,0,0
3477,pilot,0,0
3478,pilot,0,0
3479,pilot,0,0
3480,pilot,0,0
3481,pilot,0,0
3482,pilot,0,0
3483,pilot,0,0
3484,pilot,0,0
3485,pilot,0,0
3486,pilot,0,0
3487,pilot,0,0
3488,pilot,0,0
3489,pilot,1,0
3490,pilot,0,0
3491,pilot,0,0
3492,pilot,0,1
3493,pilot,0,0
3494,pilot,1,0
3495,pilot,0,0
3496,pilot,1,0
3497,pilot,1,0
3498,pilot,1,0
3499,pilot,1,0
3500,pilot,0,0
3501,pilot,0,0
3502,pilot,0,0
3503,pilot,0,0
3504,pilot,0,0
3505,pilot,0,0
3506,pilot,0,0
3507,pilot,0,0
3508,pilot,0,0
3509,pilot,0,0
3510,pilot,0,0
3511,pilot,0,0
3512,pilot,0,0
3513,pilot,1,0
3514,pilot,0,0
3515,pilot,0,0
3516,pilot,0,0
3517,pilot,0,0
3518,pilot,0,0
3519,pilot,1,0
3520,pilot,0,0
3521,pilot,0,0
3522,pilot,0,0
3523,pilot,1,0
3524,pilot,0,0
3525,pilot,0,0
3526,pilot,0,0
3527,pilot,0,0
3528,pilot,0,0
3529,pilot,0,0
3530,pilot,0,0
3531,pilot,0,0
3532,pilot,0,0
3533,pilot,0,0
3534,pilot,0,0
3535,pilot,0,0
3536,pilot,0,0
3537,pilot,0,0
3538,pilot,0,0
3539,pilot,1,0
3540,pilot,0,0
3541,pilot,0,0
3542,pilot,0,0
3543,pilot,0,1
3544,pilot,0,0
3545,pilot,0,0
3546,pilot,0,0
3547,pilot,0,0
3548,pilot,0,0
3549,pilot,0,0
3550,pilot,0,0
3551,pilot,0,0
3552,pilot,0,0
3553,pilot,0,0
3554,pilot,0,0
3555,pilot,0,0
3556,pilot,0,0
3557,pilot,0,0
3558,pilot,0,0
3559,pilot,1,0
3560,pilot,0,0
3561,pilot,0,1
3562,pilot,0,0
3563,pilot,0,0
3564,pilot,0,0
3565,pilot,0,0
3566,pilot,0,0
3567,pilot,0,0
3568,pilot,0,0
3569,pilot,0,0
3570,pilot,1,0
3571,pilot,0,0
3572,pilot,0,0
3573,pilot,0,0
3574,pilot,0,1
3575,pilot,0,0
3576,pilot,0,0
3577,pilot,0,0
3578,pilot,0,0
3579,pilot,0,0
3580,pilot,0,0
3581,pilot,0,0
3582,pilot,0,0
3583,pilot,0,0
3584,pilot,0,0
3585,pilot,0,0
3586,pilot,0,0
3587,pilot,0,0
3588,pilot,0,0
3589,pilot,0,0
3590,pilot,0,0
3591,pilot,0,0
3592,pilot,0,0
3593,pilot,0,0
3594,pilot,0,0
3595,pilot,0,0
3596,pilot,0,0
3597,pilot,0,0
3598,pilot,0,0
3599,pilot,0,0
3600,pilot,0,0
3601,pilot,0,0
3602,pilot,0,0
3603,pilot,0,0
3604,pilot,0,0
3605,pilot,0,0
3606,pilot,1,0
3607,pilot,0,0
3608,pilot,0,0
3609,pilot,0,0
3610,pilot,0,0
3611,pilot,0,0
3612,pilot,0,1
3613,pilot,0,0
3614,pilot,0,0
3615,pilot,0,0
3616,pilot,0,0
3617,pilot,0,0
3618,pilot,0,0
3619,pilot,0,0
3620,pilot,0,0
3621,pilot,0,0
3622,pilot,0,0
3623,pilot,0,0
3624,pilot,0,0
3625,pilot,0,0
3626,pilot,1,0
3627,pilot,0,1
3628,pilot,0,0
3629,pilot,0,0
3630,pilot,0,0
3631,pilot,0,0
3632,pilot,0,0
3633,pilot,0,0
3634,pilot,0,0
3635,pilot,0,0
3636,pilot,0,0
3637,pilot,0,0
3638,pilot,0,0
3639,pilot,0,0
3640,pilot,0,0
3641,pilot,0,0
3642,pilot,0,0
3643,pilot,0,0
3644,pilot,0,0
3645,pilot,1,0
3646,pilot,0,0
3647,pilot,0,0
3648,pilot,0,0
3649,pilot,0,0
3650,pilot,0,0
3651,pilot,0,0
3652,pilot,1,0
3653,pilot,0,0
3654,pilot,1,0
3655,pilot,0,0
3656,pilot,0,0
3657,pilot,0,0
3658,pilot,0,0
3659,pilot,0,0
3660,pilot,0,0
3661,pilot,0,0
3662,pilot,0,0
3663,pilot,0,0
3664,pilot,0,0
3665,pilot,1,0
3666,pilot,0,0
3667,pilot,0,0
3668,pilot,0,0
3669,pilot,0,0
3670,pilot,0,0
3671,pilot,0,0
3672,pilot,0,0
3673,pilot,0,0
3674,pilot,0,0
3675,pilot,0,0
3676,pilot,0,0
3677,pilot,0,0
3678,pilot,0,0
3679,pilot,0,0
3680,pilot,0,0
3681,pilot,0,0
3682,pilot,0,0
3683,pilot,0,0
3684,pilot,0,0
3685,pilot,0,0
3686,pilot,0,0
3687,pilot,0,0
3688,pilot,0,0
3689,pilot,0,0
3690,pilot,0,0
3691,pilot,0,1
3692,pilot,0,0
3693,pilot,0,1
3694,pilot,1,0
3695,pilot,0,0
3696,pilot,1,0
3697,pilot,0,0
3698,pilot,0,0
3699,pilot,0,0
3700,pilot,0,0
3701,pilot,0,0
3702,pilot,0,0
3703,pilot,0,0
3704,pilot,0,1
3705,pilot,0,0
3706,pilot,0,0
3707,pilot,0,0
3708,pilot,0,0
3709,pilot,0,0
3710,pilot,0,0
3711,pilot,1,1
3712,pilot,0,0
3713,pilot,0,0
3714,pilot,0,0
3715,pilot,0,0
3716,pilot,0,0
3717,pilot,0,0
3718,pilot,0,0
3719,pilot,0,0
3720,pilot,0,0
3721,pilot,0,0
3722,pilot,0,0
3723,pilot,0,1
3724,pilot,0,0
3725,pilot,0,0
3726,pilot,0,0
3727,pilot,1,0
3728,pilot,0,0
3729,pilot,0,0
3730,pilot,0,1
3731,pilot,0,0
3732,pilot,0,0
3733,pilot,0,0
3734,pilot,0,0
3735,pilot,1,0
3736,pilot,0,0
3737,pilot,0,0
3738,pilot,0,0
3739,pilot,0,0
3740,pilot,0,0
3741,pilot,0,0
3742,pilot,0,0
3743,pilot,1,0
3744,pilot,0,0
3745,pilot,0,0
3746,pilot,0,0
3747,pilot,0,0
3748,pilot,0,0
3749,pilot,0,0
3750,pilot,0,0
3751,pilot,0,0
3752,pilot,0,0
3753,pilot,0,0
3754,pilot,1,0
3755,pilot,0,1
3756,pilot,0,0
3757,pilot,0,0
3758,pilot,0,0
3759,pilot,0,1
3760,pilot,1,0
3761,pilot,0,0
3762,pilot,0,0
3763,pilot,0,0
3764,pilot,0,0
3765,pilot,1,0
3766,pilot,0,0
3767,pilot,0,0
3768,pilot,0,0
3769,pilot,0,0
3770,pilot,0,0
3771,pilot,0,0
3772,pilot,0,0
3773,pilot,0,0
3774,pilot,0,0
3775,pilot,0,0
3776,pilot,0,0
3777,pilot,1,0
3778,pilot,0,0
3779,pilot,0,0
3780,pilot,0,0
3781,pilot,0,0
3782,pilot,0,0
3783,pilot,0,0
3784,pilot,0,0
3785,pilot,0,0
3786,pilot,0,0
3787,pilot,0,0
3788,pilot,0,0
3789,pilot,0,0
3790,pilot,0,0
3791,pilot,0,0
3792,pilot,0,0
3793,pilot,0,0
3794,pilot,0,0
3795,pilot,0,0
3796,pilot,0,0
3797,pilot,0,0
3798,pilot,0,0
3799,pilot,0,1
3800,pilot,0,0
3801,pilot,0,0
3802,pilot,0,1
3803,pilot,0,0
3804,pilot,0,0
3805,pilot,0,0
3806,pilot,0,0
3807,pilot,0,0
3808,pilot,0,0
3809,pilot,0,0
3810,pilot,0,0
3811,pilot,0,0
3812,pilot,1,0
3813,pilot,0,0
3814,pilot,0,0
3815,pilot,0,0
3816,pilot,0,0
3817,pilot,0,0
3818,pilot,0,0
3819,pilot,0,0
3820,pilot,0,0
3821,pilot,0,0
3822,pilot,1,1
3823,pilot,0,1
3824,pilot,0,0
3825,pilot,0,0
3826,pilot,1,0
3827,pilot,0,0
3828,pilot,0,1
3829,pilot,0,0
3830,pilot,0,0
3831,pilot,0,0
3832,pilot,0,0
3833,pilot,0,1
3834,pilot,0,0
3835,pilot,0,0
3836,pilot,0,0
3837,pilot,1,0
3838,pilot,0,0
3839,pilot,1,0
3840,pilot,0,0
3841,pilot,0,0
3842,pilot,1,0
3843,pilot,0,0
3844,pilot,0,0
3845,pilot,0,0
3846,pilot,0,1
3847,pilot,0,0
3848,pilot,0,0
3849,pilot,0,0
3850,pilot,0,0
3851,pilot,0,0
3852,pilot,0,0
3853,pilot,0,0
3854,pilot,0,0
3855,pilot,0,0
3856,pilot,0,0
3857,pilot,0,0
3858,pilot,0,0
3859,pilot,0,0
3860,pilot,0,0
3861,pilot,0,0
3862,pilot,0,0
3863,pilot,0,0
3864,pilot,0,0
3865,pilot,0,0
3866,pilot,0,0
3867,pilot,0,0
3868,pilot,0,0
3869,pilot,0,0
3870,pilot,0,0
3871,pilot,0,0
3872,pilot,0,0
3873,pilot,0,0
3874,pilot,0,0
3875,pilot,0,0
3876,pilot,0,0
3877,pilot,0,0
3878,pilot,0,0
3879,pilot,0,0
3880,pilot,0,0
3881,pilot,0,0
3882,pilot,1,0
3883,pilot,0,0
3884,pilot,0,0
3885,pilot,0,0
3886,pilot,0,0
3887,pilot,0,0
3888,pilot,0,1
3889,pilot,0,0
3890,pilot,0,0
3891,pilot,0,1
3892,pilot,0,0
3893,pilot,0,0
3894,pilot,0,0
3895,pilot,0,0
3896,pilot,0,0
3897,pilot,0,0
3898,pilot,1,0
3899,pilot,0,0
3900,pilot,0,0
3901,pilot,0,0
3902,pilot,0,0
3903,pilot,0,1
3904,pilot,0,0
3905,pilot,0,0
3906,pilot,0,1
3907,pilot,0,0
3908,pilot,0,0
3909,pilot,0,0
3910,pilot,0,0
3911,pilot,0,0
3912,pilot,0,0
3913,pilot,0,0
3914,pilot,0,0
3915,pilot,0,0
3916,pilot,0,0
3917,pilot,1,0
3918,pilot,0,0
3919,pilot,0,0
3920,pilot,0,0
3921,pilot,0,0
3922,pilot,0,0
3923,pilot,0,0
3924,pilot,0,0
3925,pilot,0,0
3926,pilot,0,0
3927,pilot,0,0
3928,pilot,0,0
3929,pilot,1,0
3930,pilot,0,0
3931,pilot,0,0
3932,pilot,0,0
3933,pilot,0,0
3934,pilot,0,0
3935,pilot,0,0
3936,pilot,0,0
3937,pilot,0,0
3938,pilot,0,0
3939,pilot,0,0
3940,pilot,0,0
3941,pilot,0,0
3942,pilot,0,0
3943,pilot,0,0
3944,pilot,0,0
3945,pilot,0,0
3946,pilot,0,0
3947,pilot,0,0
3948,pilot,0,0
3949,pilot,0,0
3950,pilot,0,0
3951,pilot,0,0
3952,pilot,0,0
3953,pilot,0,0
3954,pilot,0,0
3955,pilot,0,0
3956,pilot,0,0
3957,pilot,0,0
3958,pilot,0,0
3959,pilot,0,0
3960,pilot,0,0
3961,pilot,0,0
3962,pilot,0,0
3963,pilot,0,0
3964,pilot,0,0
3965,pilot,1,0
3966,pilot,1,0
3967,pilot,0,1
3968,pilot,0,0
3969,pilot,0,0
3970,pilot,0,0
3971,pilot,0,0
3972,pilot,0,0
3973,pilot,0,0
3974,pilot,0,0
3975,pilot,0,0
3976,pilot,1,0
3977,pilot,0,0
3978,pilot,1,0
3979,pilot,0,0
3980,pilot,0,0
3981,pilot,0,0
3982,pilot,0,0
3983,pilot,0,0
3984,pilot,0,0
3985,pilot,0,1
3986,pilot,0,0
3987,pilot,0,1
3988,pilot,0,0
3989,pilot,0,0
3990,pilot,0,0
3991,pilot,0,0
3992,pilot,0,0
3993,pilot,0,0
3994,pilot,0,0
3995,pilot,0,0
3996,pilot,0,0
3997,pilot,1,0
3998,pilot,0,1
3999,pilot,0,0
4000,pilot,0,0
4001,pilot,0,0
4002,pilot,0,0
4003,pilot,0,1
4004,pilot,0,0
4005,pilot,0,0
4006,pilot,0,0
4007,pilot,0,0
4008,pilot,0,0
4009,pilot,0,0
4010,pilot,0,0
4011,pilot,0,0
4012,pilot,0,1
4013,pilot,0,0
4014,pilot,0,0
4015,pilot,0,0
4016,pilot,0,0
4017,pilot,0,0
4018,pilot,0,0
4019,pilot,0,0
4020,pilot,0,0
4021,pilot,0,0
4022,pilot,0,0
4023,pilot,0,0
4024,pilot,0,0
4025,pilot,0,0
4026,pilot,0,0
4027,pilot,0,0
4028,pilot,1,0
4029,pilot,0,0
4030,pilot,0,0
4031,pilot,0,0
4032,pilot,0,0
4033,pilot,0,0
4034,pilot,0,0
4035,pilot,0,0
4036,pilot,0,0
4037,pilot,0,0
4038,pilot,0,0
4039,pilot,0,1
4040,pilot,0,0
4041,pilot,0,0
4042,pilot,0,0
4043,pilot,0,0
4044,pilot,0,0
4045,pilot,0,0
4046,pilot,0,0
4047,pilot,0,0
4048,pilot,0,0
4049,pilot,1,1
4050,pilot,0,0
4051,pilot,0,0
4052,pilot,0,0
4053,pilot,0,0
4054,pilot,0,0
4055,pilot,0,0
4056,pilot,0,0
4057,pilot,0,0
4058,pilot,0,0
4059,pilot,0,0
4060,pilot,0,0
4061,pilot,0,0
4062,pilot,0,0
4063,pilot,0,0
4064,pilot,0,0
4065,pilot,0,0
4066,pilot,0,0
4067,pilot,1,0
4068,pilot,0,0
4069,pilot,0,0
4070,pilot,0,0
4071,pilot,0,0
4072,pilot,0,0
4073,pilot,0,0
4074,pilot,0,0
4075,pilot,0,0
4076,pilot,0,0
4077,pilot,0,0
4078,pilot,0,0
4079,pilot,0,0
4080,pilot,0,0
4081,pilot,0,0
4082,pilot,0,0
4083,pilot,0,0
4084,pilot,0,0
4085,pilot,0,0
4086,pilot,0,0
4087,pilot,0,0
4088,pilot,1,1
4089,pilot,0,0
4090,pilot,0,0
4091,pilot,0,0
4092,pilot,1,0
4093,pilot,0,0
4094,pilot,0,0
4095,pilot,0,0
4096,pilot,0,0
4097,pilot,0,0
4098,pilot,0,0
4099,pilot,0,0
4100,pilot,0,0
4101,pilot,0,0
4102,pilot,1,0
4103,pilot,0,0
4104,pilot,0,0
4105,pilot,0,0
4106,pilot,0,0
4107,pilot,0,0
4108,pilot,0,0
4109,pilot,0,0
4110,pilot,0,0
4111,pilot,0,0
4112,pilot,0,0
4113,pilot,0,0
4114,pilot,1,0
4115,pilot,0,0
4116,pilot,0,0
4117,pilot,1,0
4118,pilot,0,0
4119,pilot,0,1
4120,pilot,0,1
4121,pilot,0,0
4122,pilot,0,0
4123,pilot,0,0
4124,pilot,0,0
4125,pilot,0,0
4126,pilot,1,0
4127,pilot,0,0
4128,pilot,1,0
4129,pilot,0,0
4130,pilot,0,0
4131,pilot,0,0
4132,pilot,1,0
4133,pilot,0,0
4134,pilot,0,0
4135,pilot,0,0
4136,pilot,1,0
4137,pilot,0,0
4138,pilot,0,0
4139,pilot,0,0
4140,pilot,0,1
4141,pilot,0,0
4142,pilot,0,0
4143,pilot,0,0
4144,pilot,0,1
4145,pilot,0,0
4146,pilot,0,0
4147,pilot,0,0
4148,pilot,0,0
4149,pilot,0,0
4150,pilot,0,0
4151,pilot,0,0
4152,pilot,0,0
4153,pilot,0,0
4154,pilot,1,0
4155,pilot,0,0
4156,pilot,0,0
4157,pilot,0,0
4158,pilot,0,0
4159,pilot,0,0
4160,pilot,0,0
4161,pilot,0,0
4162,pilot,0,0
4163,pilot,0,0
4164,pilot,0,0
4165,pilot,1,0
4166,pilot,0,0
4167,pilot,0,0
4168,pilot,0,0
4169,pilot,0,0
4170,pilot,0,0
4171,pilot,1,0
4172,pilot,0,0
4173,pilot,0,0
4174,pilot,0,0
4175,pilot,1,0
4176,pilot,0,0
4177,pilot,0,0
4178,pilot,1,0
4179,pilot,0,0
4180,pilot,0,0
4181,pilot,0,0
4182,pilot,0,0
4183,pilot,0,0
4184,pilot,0,0
4185,pilot,0,0
4186,pilot,0,1
4187,pilot,0,0
4188,pilot,0,0
4189,pilot,1,0
4190,pilot,0,0
4191,pilot,0,0
4192,pilot,1,0
4193,pilot,0,1
4194,pilot,1,0
4195,pilot,1,0
4196,pilot,1,0
4197,pilot,0,0
4198,pilot,0,0
4199,pilot,0,0
4200,pilot,0,0
4201,pilot,0,0
4202,pilot,0,1
4203,pilot,0,0
4204,pilot,0,0
4205,pilot,0,0
4206,pilot,0,0
4207,pilot,0,0
4208,pilot,0,0
4209,pilot,0,0
4210,pilot,0,0
4211,pilot,0,0
4212,pilot,0,0
4213,pilot,0,0
4214,pilot,0,0
4215,pilot,0,0
4216,pilot,0,0
4217,pilot,0,0
4218,pilot,0,0
4219,pilot,1,0
4220,pilot,0,0
4221,pilot,0,0
4222,pilot,1,0
4223,pilot,0,0
4224,pilot,0,0
4225,pilot,0,0
4226,pilot,1,0
4227,pilot,0,1
4228,pilot,0,0
4229,pilot,0,0
4230,pilot,0,0
4231,pilot,1,0
4232,pilot,0,0
4233,pilot,0,0
4234,pilot,0,0
4235,pilot,0,0
4236,pilot,0,0
4237,pilot,0,0
4238,pilot,0,0
4239,pilot,0,0
4240,pilot,0,0
4241,pilot,0,1
4242,pilot,0,0
4243,pilot,0,0
4244,pilot,0,0
4245,pilot,0,0
4246,pilot,0,0
4247,pilot,0,0
4248,pilot,0,0
4249,pilot,0,0
4250,pilot,0,0
4251,pilot,0,0
4252,pilot,0,0
4253,pilot,0,0
4254,pilot,0,0
4255,pilot,0,0
4256,pilot,0,0
4257,pilot,0,0
4258,pilot,0,0
4259,pilot,0,0
4260,pilot,0,0
4261,pilot,1,0
4262,pilot,1,1
4263,pilot,0,0
4264,pilot,0,1
4265,pilot,0,0
4266,pilot,1,0
4267,pilot,0,1
4268,pilot,0,0
4269,pilot,0,0
4270,pilot,0,0
4271,pilot,0,0
4272,pilot,0,0
4273,pilot,0,0
4274,pilot,0,1
4275,pilot,0,0
4276,pilot,0,0
4277,pilot,0,0
4278,pilot,1,0
4279,pilot,0,0
4280,pilot,0,1
4281,pilot,0,0
4282,pilot,0,0
4283,pilot,0,0
4284,pilot,0,0
4285,pilot,0,0
4286,pilot,0,0
4287,pilot,1,1
4288,pilot,0,0
4289,pilot,0,0
4290,pilot,0,0
4291,pilot,0,0
4292,pilot,0,0
4293,pilot,0,0
4294,pilot,0,0
4295,pilot,0,0
4296,pilot,1,0
4297,pilot,0,0
4298,pilot,1,0
4299,pilot,0,0
4300,pilot,0,0
4301,pilot,0,0
4302,pilot,0,0
4303,pilot,0,0
4304,pilot,0,0
4305,pilot,0,0
4306,pilot,0,0
4307,pilot,0,0
4308,pilot,0,0
4309,pilot,0,0
4310,pilot,0,0
4311,pilot,0,0
4312,pilot,0,0
4313,pilot,0,0
4314,pilot,0,0
4315,pilot,0,0
4316,pilot,0,0
4317,pilot,0,0
4318,pilot,0,0
4319,pilot,1,0
4320,pilot,1,0
4321,pilot,0,0
4322,pilot,0,0
4323,pilot,0,0
4324,pilot,0,0
4325,pilot,0,0
4326,pilot,0,1
4327,pilot,0,0
4328,pilot,0,0
4329,pilot,0,0
4330,pilot,0,0
4331,pilot,0,0
4332,pilot,0,0
4333,pilot,0,0
4334,pilot,0,0
4335,pilot,0,0
4336,pilot,0,0
4337,pilot,0,0
4338,pilot,0,0
4339,pilot,0,0
4340,pilot,0,0
4341,pilot,0,0
4342,pilot,0,0
4343,pilot,0,0
4344,pilot,0,0
4345,pilot,0,0
4346,pilot,0,0
4347,pilot,0,0
4348,pilot,0,0
4349,pilot,0,0
4350,pilot,0,0
4351,pilot,0,0
4352,pilot,0,0
4353,pilot,0,0
4354,pilot,0,0
4355,pilot,0,0
4356,pilot,0,0
4357,pilot,0,0
4358,pilot,0,0
4359,pilot,0,0
4360,pilot,0,0
4361,pilot,0,0
4362,pilot,0,0
4363,pilot,0,0
4364,pilot,1,0
4365,pilot,0,0
4366,pilot,0,0
4367,pilot,0,0
4368,pilot,0,0
4369,pilot,0,0
4370,pilot,0,0
4371,pilot,0,0
4372,pilot,0,0
4373,pilot,0,0
4374,pilot,0,0
4375,pilot,0,1
4376,pilot,1,0
4377,pilot,0,0
4378,pilot,0,0
4379,pilot,1,1
4380,pilot,0,1
4381,pilot,0,0
4382,pilot,0,0
4383,pilot,0,0
4384,pilot,0,0
4385,pilot,0,0
4386,pilot,0,0
4387,pilot,0,0
4388,pilot,0,0
4389,pilot,0,0
4390,pilot,0,0
4391,pilot,0,0
4392,pilot,0,0
4393,pilot,0,0
4394,pilot,0,0
4395,pilot,0,0
4396,pilot,0,0
4397,pilot,0,0
4398,pilot,0,0
4399,pilot,0,0
4400,pilot,0,0
4401,pilot,0,0
4402,pilot,0,0
4403,pilot,0,0
4404,pilot,0,0
4405,pilot,0,0
4406,pilot,0,0
4407,pilot,0,0
4408,pilot,0,0
4409,pilot,0,0
4410,pilot,0,0
4411,pilot,0,0
4412,pilot,0,0
4413,pilot,0,0
4414,pilot,0,0
4415,pilot,0,0
4416,pilot,0,0
4417,pilot,0,0
4418,pilot,0,0
4419,pilot,0,0
4420,pilot,0,0
4421,pilot,0,0
4422,pilot,0,0
4423,pilot,0,0
4424,pilot,0,0
4425,pilot,0,0
4426,pilot,0,0
4427,pilot,0,0
4428,pilot,0,1
4429,pilot,0,0
4430,pilot,0,0
4431,pilot,0,0
4432,pilot,0,0
4433,pilot,0,0
4434,pilot,0,0
4435,pilot,0,0
4436,pilot,1,0
4437,pilot,0,0
4438,pilot,0,0
4439,pilot,0,0
4440,pilot,0,0
4441,pilot,0,0
4442,pilot,0,1
4443,pilot,0,0
4444,pilot,0,1
4445,pilot,0,1
4446,pilot,0,0
4447,pilot,0,0
4448,pilot,0,0
4449,pilot,0,0
4450,pilot,0,0
4451,pilot,0,0
4452,pilot,0,0
4453,pilot,0,0
4454,pilot,0,0
4455,pilot,0,0
4456,pilot,0,0
4457,pilot,0,0
4458,pilot,0,0
4459,pilot,0,0
4460,pilot,0,0
4461,pilot,0,0
4462,pilot,0,0
4463,pilot,0,0
4464,pilot,0,0
4465,pilot,0,0
4466,pilot,1,0
4467,pilot,0,0
4468,pilot,0,0
4469,pilot,1,0
4470,pilot,1,0
4471,pilot,0,0
4472,pilot,0,0
4473,pilot,1,0
4474,pilot,0,0
4475,pilot,0,0
4476,pilot,1,0
4477,pilot,1,0
4478,pilot,0,0
4479,pilot,0,0
4480,pilot,0,0
4481,pilot,0,0
4482,pilot,0,0
4483,pilot,0,0
4484,pilot,0,0
4485,pilot,0,0
4486,pilot,0,1
4487,pilot,0,0
4488,pilot,1,0
4489,pilot,0,1
4490,pilot,0,0
4491,pilot,0,1
4492,pilot,0,0
4493,pilot,0,0
4494,pilot,0,0
4495,pilot,0,0
4496,pilot,0,0
4497,pilot,0,0
4498,pilot,0,0
4499,pilot,0,0
4500,pilot,0,0
4501,pilot,0,0
4502,pilot,0,0
4503,pilot,0,0
4504,pilot,0,0
4505,pilot,0,0
4506,pilot,0,0
4507,pilot,1,0
4508,pilot,0,0
4509,pilot,0,0
4510,pilot,0,0
4511,pilot,0,0
4512,pilot,0,0
4513,pilot,0,0
4514,pilot,0,0
4515,pilot,0,0
4516,pilot,0,0
4517,pilot,0,0
4518,pilot,0,0
4519,pilot,0,0
4520,pilot,0,0
4521,pilot,0,0
4522,pilot,0,0
4523,pilot,0,0
4524,pilot,0,0
4525,pilot,0,0
4526,pilot,0,0
4527,pilot,0,0
4528,pilot,0,0
4529,pilot,0,0
4530,pilot,0,0
4531,pilot,0,0
4532,pilot,1,0
4533,pilot,0,0
4534,pilot,0,0
4535,pilot,0,0
4536,pilot,0,0
4537,pilot,0,0
4538,pilot,0,0
4539,pilot,0,0
4540,pilot,0,0
4541,pilot,0,0
4542,pilot,0,0
4543,pilot,0,0
4544,pilot,0,0
4545,pilot,0,0
4546,pilot,0,0
4547,pilot,0,0
4548,pilot,0,0
4549,pilot,0,0
4550,pilot,0,0
4551,pilot,0,0
4552,pilot,0,0
4553,pilot,0,0
4554,pilot,0,0
4555,pilot,0,0
4556,pilot,0,0
4557,pilot,0,0
4558,pilot,0,0
4559,pilot,0,0
4560,pilot,0,0
4561,pilot,0,0
4562,pilot,0,1
4563,pilot,0,0
4564,pilot,1,0
4565,pilot,0,0
4566,pilot,0,0
4567,pilot,0,0
4568,pilot,0,0
4569,pilot,0,0
4570,pilot,0,0
4571,pilot,0,0
4572,pilot,0,0
4573,pilot,0,0
4574,pilot,0,0
4575,pilot,0,0
4576,pilot,0,0
4577,pilot,0,0
4578,pilot,0,0
4579,pilot,0,0
4580,pilot,0,0
4581,pilot,0,0
4582,pilot,1,0
4583,pilot,0,0
4584,pilot,0,0
4585,pilot,1,0
4586,pilot,0,0
4587,pilot,0,0
4588,pilot,0,0
4589,pilot,0,0
4590,pilot,0,0
4591,pilot,1,0
4592,pilot,0,0
4593,pilot,1,0
4594,pilot,0,0
4595,pilot,0,0
4596,pilot,0,0
4597,pilot,0,0
4598,pilot,0,0
4599,pilot,0,0
4600,pilot,0,0
4601,pilot,0,0
4602,pilot,1,1
4603,pilot,0,0
4604,pilot,0,0
4605,pilot,0,0
4606,pilot,0,0
4607,pilot,0,0
4608,pilot,0,0
4609,pilot,0,0
4610,pilot,0,0
4611,pilot,0,0
4612,pilot,0,0
4613,pilot,0,0
4614,pilot,0,0
4615,pilot,0,0
4616,pilot,1,0
4617,pilot,0,0
4618,pilot,1,0
4619,pilot,0,0
4620,pilot,0,0
4621,pilot,0,0
4622,pilot,1,0
4623,pilot,1,0
4624,pilot,0,0
4625,pilot,0,1
4626,pilot,1,0
4627,pilot,0,0
4628,pilot,0,0
4629,pilot,0,1
4630,pilot,0,0
4631,pilot,0,0
4632,pilot,0,0
4633,pilot,0,0
4634,pilot,0,0
4635,pilot,0,0
4636,pilot,0,0
4637,pilot,1,0
4638,pilot,0,1
4639,pilot,0,0
4640,pilot,0,0
4641,pilot,0,0
4642,pilot,0,0
4643,pilot,0,0
4644,pilot,0,0
4645,pilot,0,1
4646,pilot,1,0
4647,pilot,0,0
4648,pilot,1,0
4649,pilot,0,0
4650,pilot,1,0
4651,pilot,0,0
4652,pilot,0,0
4653,pilot,0,0
4654,pilot,1,1
4655,pilot,0,0
4656,pilot,0,0
4657,pilot,0,0
4658,pilot,0,0
4659,pilot,0,1
4660,pilot,0,0
4661,pilot,1,0
4662,pilot,0,0
4663,pilot,0,0
4664,pilot,0,0
4665,pilot,0,0
4666,pilot,0,0
4667,pilot,0,0
4668,pilot,0,0
4669,pilot,0,0
4670,pilot,0,0
4671,pilot,0,0
4672,pilot,0,0
4673,pilot,0,0
4674,pilot,0,0
4675,pilot,0,1
4676,pilot,0,0
4677,pilot,0,0
4678,pilot,0,0
4679,pilot,0,0
4680,pilot,0,0
4681,pilot,0,0
4682,pilot,0,0
4683,pilot,0,0
4684,pilot,0,1
4685,pilot,0,0
4686,pilot,0,0
4687,pilot,0,0
4688,pilot,0,0
4689,pilot,0,0
4690,pilot,0,0
4691,pilot,0,0
4692,pilot,0,0
4693,pilot,0,0
4694,pilot,0,0
4695,pilot,0,0
4696,pilot,0,0
4697,pilot,0,0
4698,pilot,0,0
4699,pilot,0,0
4700,pilot,0,0
4701,pilot,0,0
4702,pilot,0,0
4703,pilot,0,0
4704,pilot,0,0
4705,pilot,0,0
4706,pilot,0,0
4707,pilot,0,0
4708,pilot,1,0
4709,pilot,0,0
4710,pilot,0,0
4711,pilot,0,0
4712,pilot,0,0
4713,pilot,0,0
4714,pilot,0,0
4715,pilot,0,0
4716,pilot,0,0
4717,pilot,0,0
4718,pilot,0,0
4719,pilot,1,0
4720,pilot,1,0
4721,pilot,0,0
4722,pilot,0,0
4723,pilot,0,0
4724,pilot,0,0
4725,pilot,1,0
4726,pilot,0,0
4727,pilot,0,0
4728,pilot,0,0
4729,pilot,1,1
4730,pilot,0,0
4731,pilot,0,1
4732,pilot,0,0
4733,pilot,0,0
4734,pilot,0,0
4735,pilot,1,0
4736,pilot,1,0
4737,pilot,0,0
4738,pilot,0,0
4739,pilot,0,0
4740,pilot,0,1
4741,pilot,0,0
4742,pilot,0,0
4743,pilot,0,0
4744,pilot,0,0
4745,pilot,0,1
4746,pilot,0,0
4747,pilot,0,0
4748,pilot,0,0
4749,pilot,1,0
4750,pilot,1,0
4751,pilot,0,0
4752,pilot,0,0
4753,pilot,0,0
4754,pilot,0,0
4755,pilot,0,0
4756,pilot,0,0
4757,pilot,0,0
4758,pilot,0,0
4759,pilot,0,0
4760,pilot,0,0
4761,pilot,1,0
4762,pilot,0,0
4763,pilot,0,0
4764,pilot,0,0
4765,pilot,0,0
4766,pilot,0,0
4767,pilot,0,0
4768,pilot,0,0
4769,pilot,0,0
4770,pilot,0,0
4771,pilot,0,0
4772,pilot,0,0
4773,pilot,0,0
4774,pilot,0,0
4775,pilot,0,0
4776,pilot,0,0
4777,pilot,0,0
4778,pilot,0,0
4779,pilot,0,0
4780,pilot,0,0
4781,pilot,0,0
4782,pilot,0,0
4783,pilot,0,0
4784,pilot,0,0
4785,pilot,0,0
4786,pilot,0,0
4787,pilot,0,0
4788,pilot,0,0
4789,pilot,1,0
4790,pilot,0,0
4791,pilot,0,0
4792,pilot,0,0
4793,pilot,0,0
4794,pilot,0,0
4795,pilot,0,0
4796,pilot,0,0
4797,pilot,0,0
4798,pilot,1,0
4799,pilot,0,0
4800,pilot,0,0
4801,pilot,0,0
4802,pilot,0,0
4803,pilot,0,0
4804,pilot,0,0
4805,pilot,0,0
4806,pilot,0,0
4807,pilot,0,0
4808,pilot,0,0
4809,pilot,0,0
4810,pilot,0,0
4811,pilot,1,0
4812,pilot,0,1
4813,pilot,0,0
4814,pilot,0,0
4815,pilot,0,0
4816,pilot,0,0
4817,pilot,0,0
4818,pilot,0,0
4819,pilot,0,0
4820,pilot,0,0
4821,pilot,0,0
4822,pilot,0,0
4823,pilot,0,0
4824,pilot,0,1
4825,pilot,0,0
4826,pilot,0,0
4827,pilot,0,0
4828,pilot,0,0
4829,pilot,0,0
4830,pilot,0,0
4831,pilot,0,0
4832,pilot,0,0
4833,pilot,0,0
4834,pilot,0,0
4835,pilot,0,0
4836,pilot,0,0
4837,pilot,0,0
4838,pilot,0,0
4839,pilot,0,0
4840,pilot,0,0
4841,pilot,0,0
4842,pilot,0,0
4843,pilot,0,0
4844,pilot,0,0
4845,pilot,0,0
4846,pilot,0,0
4847,pilot,0,0
4848,pilot,0,0
4849,pilot,0,0
4850,pilot,0,0
4851,pilot,0,0
4852,pilot,0,0
4853,pilot,0,0
4854,pilot,0,0
4855,pilot,0,0
4856,pilot,0,0
4857,pilot,1,0
4858,pilot,1,0
4859,pilot,1,0
4860,pilot,0,0
4861,pilot,0,0
4862,pilot,0,0
4863,pilot,0,0
4864,pilot,0,0
4865,pilot,0,0
4866,pilot,0,0
4867,pilot,0,0
4868,pilot,0,0
4869,pilot,0,0
4870,pilot,0,0
4871,pilot,0,0
4872,pilot,0,0
4873,pilot,0,0
4874,pilot,0,0
4875,pilot,0,0
4876,pilot,0,0
4877,pilot,0,0
4878,pilot,0,1
4879,pilot,0,0
4880,pilot,0,0
4881,pilot,0,0
4882,pilot,0,0
4883,pilot,0,0
4884,pilot,0,0
4885,pilot,0,0
4886,pilot,0,0
4887,pilot,0,0
4888,pilot,0,1
4889,pilot,0,0
4890,pilot,1,0
4891,pilot,0,0
4892,pilot,0,0
4893,pilot,0,0
4894,pilot,1,0
4895,pilot,0,0
4896,pilot,0,0
4897,pilot,0,0
4898,pilot,0,0
4899,pilot,0,0
4900,pilot,1,0
4901,pilot,0,1
4902,pilot,0,0
4903,pilot,0,0
4904,pilot,0,0
4905,pilot,0,0
4906,pilot,0,0
4907,pilot,0,0
4908,pilot,0,0
4909,pilot,0,0
4910,pilot,0,0
4911,pilot,0,0
4912,pilot,0,0
4913,pilot,0,0
4914,pilot,1,0
4915,pilot,0,0
4916,pilot,1,0
4917,pilot,0,0
4918,pilot,0,0
4919,pilot,0,0
4920,pilot,0,0
4921,pilot,0,0
4922,pilot,0,0
4923,pilot,0,0
4924,pilot,0,0
4925,pilot,0,0
4926,pilot,0,0
4927,pilot,0,0
4928,pilot,0,0
4929,pilot,0,0
4930,pilot,1,0
4931,pilot,0,0
4932,pilot,0,0
4933,pilot,0,0
4934,pilot,0,0
4935,pilot,0,0
4936,pilot,0,0
4937,pilot,0,0
4938,pilot,0,0
4939,pilot,0,0
4940,pilot,0,0
4941,pilot,0,0
4942,pilot,0,0
4943,pilot,0,0
4944,pilot,0,0
4945,pilot,0,0
4946,pilot,0,0
4947,pilot,0,0
4948,pilot,1,0
4949,pilot,0,0
4950,pilot,0,0
4951,pilot,0,0
4952,pilot,0,0
4953,pilot,0,0
4954,pilot,0,0
4955,pilot,0,0
4956,pilot,1,0
4957,pilot,0,0
4958,pilot,0,0
4959,pilot,0,0
4960,pilot,0,0
4961,pilot,0,1
4962,pilot,0,0
4963,pilot,0,0
4964,pilot,0,0
4965,pilot,0,0
4966,pilot,0,0
4967,pilot,0,0
4968,pilot,0,0
4969,pilot,0,0
4970,pilot,0,0
4971,pilot,0,0
4972,pilot,0,0
4973,pilot,0,0
4974,pilot,0,0
4975,pilot,0,0
4976,pilot,0,1
4977,pilot,1,0
4978,pilot,0,0
4979,pilot,0,0
4980,pilot,0,0
4981,pilot,1,0
4982,pilot,0,0
4983,pilot,0,0
4984,pilot,0,0
4985,pilot,0,1
4986,pilot,0,0
4987,pilot,0,0
4988,pilot,0,0
4989,pilot,0,0
4990,pilot,0,0
4991,pilot,1,0
4992,pilot,0,0
4993,pilot,0,0
4994,pilot,1,0
4995,pilot,0,0
4996,pilot,0,0
4997,pilot,0,0
4998,pilot,0,0
4999,pilot,0,0
5000,pilot,0,1
5001,pilot,0,0
5002,pilot,0,0
5003,pilot,0,0
5004,pilot,0,0
5005,pilot,0,0
5006,pilot,1,0
5007,pilot,0,0
5008,pilot,0,0
5009,pilot,0,0
5010,pilot,0,0
5011,pilot,0,0
5012,pilot,0,0
5013,pilot,0,0
5014,pilot,1,0
5015,pilot,1,0
5016,pilot,1,0
5017,pilot,0,0
5018,pilot,0,0
5019,pilot,1,1
5020,pilot,0,0
5021,pilot,0,0
5022,pilot,0,0
5023,pilot,0,0
5024,pilot,0,0
5025,pilot,0,0
5026,pilot,0,0
5027,pilot,0,0
5028,pilot,0,1
5029,pilot,0,0
5030,pilot,0,1
5031,pilot,0,0
5032,pilot,0,1
5033,pilot,0,0
5034,pilot,0,0
5035,pilot,0,0
5036,pilot,1,0
5037,pilot,0,0
5038,pilot,0,0
5039,pilot,0,0
5040,pilot,0,0
5041,pilot,0,0
5042,pilot,0,0
5043,pilot,0,0
5044,pilot,1,1
5045,pilot,0,0
5046,pilot,0,0
5047,pilot,0,0
5048,pilot,0,0
5049,pilot,0,1
5050,pilot,0,0
5051,pilot,0,0
5052,pilot,0,0
5053,pilot,0,0
5054,pilot,0,0
5055,pilot,0,0
5056,pilot,0,1
5057,pilot,0,0
5058,pilot,0,0
5059,pilot,0,0
5060,pilot,0,0
5061,pilot,0,0
5062,pilot,0,0
5063,pilot,0,0
5064,pilot,0,0
5065,pilot,0,0
5066,pilot,0,1
5067,pilot,0,0
5068,pilot,0,0
5069,pilot,0,0
5070,pilot,0,0
5071,pilot,0,0
5072,pilot,1,1
5073,pilot,0,1
5074,pilot,0,0
5075,pilot,0,0
5076,pilot,0,0
5077,pilot,0,0
5078,pilot,0,0
5079,pilot,0,0
5080,pilot,0,0
5081,pilot,0,0
5082,pilot,0,0
5083,pilot,0,0
5084,pilot,0,0
5085,pilot,0,0
5086,pilot,0,0
5087,pilot,0,0
5088,pilot,0,0
5089,pilot,0,0
5090,pilot,0,0
5091,pilot,0,0
5092,pilot,1,0
5093,pilot,0,0
5094,pilot,0,0
5095,pilot,0,0
5096,pilot,0,0
5097,pilot,0,0
5098,pilot,0,1
5099,pilot,0,0
5100,pilot,0,1
5101,pilot,0,0
5102,pilot,0,0
5103,pilot,0,0
5104,pilot,0,0
5105,pilot,0,0
5106,pilot,1,0
5107,pilot,0,0
5108,pilot,0,0
5109,pilot,0,0
5110,pilot,0,0
5111,pilot,0,0
5112,pilot,0,0
5113,pilot,0,0
5114,pilot,0,0
5115,pilot,0,0
5116,pilot,0,0
5117,pilot,0,0
5118,pilot,0,0
5119,pilot,0,0
5120,pilot,0,0
5121,pilot,0,0
5122,pilot,1,0
5123,pilot,0,0
5124,pilot,1,0
5125,pilot,0,0
5126,pilot,1,0
5127,pilot,0,0
5128,pilot,0,0
5129,pilot,0,0
5130,pilot,0,1
5131,pilot,0,0
5132,pilot,0,0
5133,pilot,0,0
5134,pilot,0,0
5135,pilot,0,0
5136,pilot,0,0
5137,pilot,0,0
5138,pilot,0,0
5139,pilot,0,0
5140,pilot,0,0
5141,pilot,0,0
5142,pilot,0,0
5143,pilot,1,0
5144,pilot,0,0
5145,pilot,0,0
5146,pilot,0,0
5147,pilot,1,0
5148,pilot,0,0
5149,pilot,0,0
5150,pilot,0,0
5151,pilot,1,0
5152,pilot,0,0
5153,pilot,0,0
5154,pilot,0,0
5155,pilot,0,0
5156,pilot,0,1
5157,pilot,0,0
5158,pilot,0,0
5159,pilot,0,0
5160,pilot,0,0
5161,pilot,0,0
5162,pilot,0,0
5163,pilot,1,0
5164,pilot,0,0
5165,pilot,0,0
5166,pilot,0,0
5167,pilot,0,0
5168,pilot,0,0
5169,pilot,0,0
5170,pilot,0,0
5171,pilot,0,0
5172,pilot,1,0
5173,pilot,0,0
5174,pilot,0,0
5175,pilot,1,0
5176,pilot,0,0
5177,pilot,1,0
5178,pilot,0,0
5179,pilot,0,0
5180,pilot,0,0
5181,pilot,0,0
5182,pilot,0,0
5183,pilot,0,0
5184,pilot,0,0
5185,pilot,0,0
5186,pilot,0,0
5187,pilot,0,0
5188,pilot,0,0
5189,pilot,0,0
5190,pilot,1,0
5191,pilot,0,0
5192,pilot,0,0
5193,pilot,0,0
5194,pilot,1,0
5195,pilot,0,0
5196,pilot,0,0
5197,pilot,0,0
5198,pilot,0,0
5199,pilot,0,0
5200,pilot,0,0
5201,pilot,0,0
5202,pilot,0,0
5203,pilot,0,0
5204,pilot,0,0
5205,pilot,0,0
5206,pilot,0,0
5207,pilot,0,0
5208,pilot,0,0
5209,pilot,0,0
5210,pilot,0,0
5211,pilot,0,1
5212,pilot,0,1
5213,pilot,0,0
5214,pilot,0,0
5215,pilot,0,0
5216,pilot,0,0
5217,pilot,0,0
5218,pilot,0,0
5219,pilot,0,0
5220,pilot,0,0
5221,pilot,1,0
5222,pilot,0,1
5223,pilot,0,0
5224,pilot,0,0
5225,pilot,0,0
5226,pilot,0,0
5227,pilot,0,0
5228,pilot,1,0
5229,pilot,0,0
5230,pilot,0,0
5231,pilot,0,0
5232,pilot,0,0
5233,pilot,0,0
5234,pilot,1,0
5235,pilot,0,1
5236,pilot,0,1
5237,pilot,0,0
5238,pilot,0,0
5239,pilot,1,0
5240,pilot,0,0
5241,pilot,1,0
5242,pilot,0,0
5243,pilot,0,0
5244,pilot,0,0
5245,pilot,0,0
5246,pilot,0,0
5247,pilot,0,0
5248,pilot,0,0
5249,pilot,0,0
5250,pilot,0,0
5251,pilot,0,0
5252,pilot,0,0
5253,pilot,0,0
5254,pilot,0,0
5255,pilot,0,0
5256,pilot,0,0
5257,pilot,1,0
5258,pilot,0,1
5259,pilot,0,0
5260,pilot,0,0
5261,pilot,0,0
5262,pilot,0,0
5263,pilot,0,0
5264,pilot,1,0
5265,pilot,0,0
5266,pilot,0,0
5267,pilot,0,0
5268,pilot,0,0
5269,pilot,0,0
5270,pilot,0,0
5271,pilot,0,0
5272,pilot,0,0
5273,pilot,0,1
5274,pilot,0,0
5275,pilot,0,0
5276,pilot,0,0
5277,pilot,0,0
5278,pilot,0,0
5279,pilot,0,0
5280,pilot,0,0
5281,pilot,0,0
5282,pilot,0,0
5283,pilot,0,0
5284,pilot,0,0
5285,pilot,0,0
5286,pilot,0,1
5287,pilot,0,0
5288,pilot,0,1
5289,pilot,0,0
5290,pilot,0,0
5291,pilot,0,0
5292,pilot,0,0
5293,pilot,0,0
5294,pilot,0,0
5295,pilot,0,0
5296,pilot,0,0
5297,pilot,0,0
5298,pilot,0,0
5299,pilot,0,0
5300,pilot,1,0
5301,pilot,0,0
5302,pilot,1,0
5303,pilot,0,0
5304,pilot,0,0
5305,pilot,0,0
5306,pilot,0,0
5307,pilot,0,0
5308,pilot,0,0
5309,pilot,0,0
5310,pilot,0,0
5311,pilot,0,0
5312,pilot,0,0
5313,pilot,0,0
5314,pilot,0,0
5315,pilot,0,0
5316,pilot,0,0
5317,pilot,0,0
5318,pilot,0,0
5319,pilot,0,0
5320,pilot,0,0
5321,pilot,0,0
5322,pilot,0,0
5323,pilot,0,0
5324,pilot,0,0
5325,pilot,0,0
5326,pilot,1,0
5327,pilot,0,0
5328,pilot,0,0
5329,pilot,1,0
5330,pilot,0,0
5331,pilot,0,0
5332,pilot,0,0
5333,pilot,0,0
5334,pilot,0,0
5335,pilot,0,0
5336,pilot,0,0
5337,pilot,0,0
5338,pilot,0,0
5339,pilot,0,0
5340,pilot,0,1
5341,pilot,0,0
5342,pilot,0,0
5343,pilot,0,0
5344,pilot,0,0
5345,pilot,0,0
5346,pilot,0,0
5347,pilot,0,1
5348,pilot,0,0
5349,pilot,0,0
5350,pilot,0,0
5351,pilot,0,0
5352,pilot,0,0
5353,pilot,0,0
5354,pilot,1,0
5355,pilot,1,0
5356,pilot,0,0
5357,pilot,0,0
5358,pilot,0,0
5359,pilot,0,0
5360,pilot,0,0
5361,pilot,0,0
5362,pilot,0,0
5363,pilot,0,0
5364,pilot,1,0
5365,pilot,0,0
5366,pilot,0,1
5367,pilot,0,0
5368,pilot,0,0
5369,pilot,0,0
5370,pilot,0,0
5371,pilot,0,0
5372,pilot,0,0
5373,pilot,0,0
5374,pilot,0,0
5375,pilot,0,0
5376,pilot,0,0
5377,pilot,0,0
5378,pilot,0,0
5379,pilot,1,0
5380,pilot,0,0
5381,pilot,0,0
5382,pilot,0,0
5383,pilot,0,0
5384,pilot,0,0
5385,pilot,0,0
5386,pilot,0,0
5387,pilot,0,0
5388,pilot,0,0
5389,pilot,0,0
5390,pilot,0,0
5391,pilot,0,0
5392,pilot,0,0
5393,pilot,0,0
5394,pilot,0,0
5395,pilot,0,0
5396,pilot,0,0
5397,pilot,0,0
5398,pilot,0,0
5399,pilot,0,0
5400,pilot,0,0
5401,pilot,0,0
5402,pilot,0,0
5403,pilot,0,0
5404,pilot,0,0
5405,pilot,0,0
5406,pilot,0,1
5407,pilot,0,0
5408,pilot,0,0
5409,pilot,0,0
5410,pilot,0,0
5411,pilot,0,0
5412,pilot,0,0
5413,pilot,0,0
5414,pilot,0,0
5415,pilot,0,0
5416,pilot,0,0
5417,pilot,0,0
5418,pilot,0,0
5419,pilot,0,0
5420,pilot,0,0
5421,pilot,0,1
5422,pilot,0,0
5423,pilot,1,0
5424,pilot,0,0
5425,pilot,0,0
5426,pilot,0,0
5427,pilot,0,0
5428,pilot,0,0
5429,pilot,0,0
5430,pilot,0,0
5431,pilot,0,0
5432,pilot,0,0
5433,pilot,0,0
5434,pilot,0,0
5435,pilot,0,0
5436,pilot,0,0
5437,pilot,0,0
5438,pilot,0,0
5439,pilot,0,0
5440,pilot,0,1
5441,pilot,0,0
5442,pilot,0,0
5443,pilot,0,0
5444,pilot,0,0
5445,pilot,0,0
5446,pilot,0,0
5447,pilot,0,0
5448,pilot,0,0
5449,pilot,0,0
5450,pilot,0,0
5451,pilot,0,0
5452,pilot,0,0
5453,pilot,0,0
5454,pilot,0,0
5455,pilot,1,0
5456,pilot,0,0
5457,pilot,0,0
5458,pilot,0,0
5459,pilot,1,0
5460,pilot,0,0
5461,pilot,0,0
5462,pilot,0,1
5463,pilot,0,0
5464,pilot,0,0
5465,pilot,1,0
5466,pilot,0,0
5467,pilot,0,0
5468,pilot,0,0
5469,pilot,0,0
5470,pilot,1,0
5471,pilot,0,0
5472,pilot,0,1
5473,pilot,1,0
5474,pilot,0,0
5475,pilot,0,0
5476,pilot,0,0
5477,pilot,0,0
5478,pilot,0,0
5479,pilot,0,0
5480,pilot,0,0
5481,pilot,0,0
5482,pilot,0,0
5483,pilot,0,0
5484,pilot,0,0
5485,pilot,0,1
5486,pilot,0,0
5487,pilot,0,0
5488,pilot,0,0
5489,pilot,0,0
5490,pilot,0,0
5491,pilot,0,0
5492,pilot,0,0
5493,pilot,0,0
5494,pilot,0,0
5495,pilot,0,0
5496,pilot,0,0
5497,pilot,0,0
5498,pilot,0,0
5499,pilot,0,0
5500,pilot,0,0
5501,pilot,0,0
5502,pilot,1,0
5503,pilot,0,0
5504,pilot,0,0
5505,pilot,0,0
5506,pilot,0,0
5507,pilot,0,0
5508,pilot,0,0
5509,pilot,0,0
5510,pilot,0,1
5511,pilot,0,0
5512,pilot,0,0
5513,pilot,1,0
5514,pilot,0,0
5515,pilot,0,0
5516,pilot,0,0
5517,pilot,0,0
5518,pilot,0,0
5519,pilot,0,0
5520,pilot,1,0
5521,pilot,0,0
5522,pilot,0,0
5523,pilot,0,0
5524,pilot,1,0
5525,pilot,0,0
5526,pilot,0,0
5527,pilot,1,0
5528,pilot,1,0
5529,pilot,0,0
5530,pilot,0,0
5531,pilot,0,0
5532,pilot,0,1
5533,pilot,0,0
5534,pilot,0,0
5535,pilot,0,0
5536,pilot,0,0
5537,pilot,0,0
5538,pilot,0,0
5539,pilot,0,0
5540,pilot,0,0
5541,pilot,1,0
5542,pilot,0,0
5543,pilot,0,0
5544,pilot,0,0
5545,pilot,0,0
5546,pilot,0,0
5547,pilot,0,0
5548,pilot,0,0
5549,pilot,0,0
5550,pilot,0,0
5551,pilot,0,0
5552,pilot,0,1
5553,pilot,0,0
5554,pilot,0,1
5555,pilot,0,0
5556,pilot,0,0
5557,pilot,0,0
5558,pilot,0,0
5559,pilot,0,0
5560,pilot,1,0
5561,pilot,0,0
5562,pilot,0,0
5563,pilot,0,0
5564,pilot,0,0
5565,pilot,0,0
5566,pilot,0,1
5567,pilot,1,0
5568,pilot,0,0
5569,pilot,0,0
5570,pilot,0,0
5571,pilot,0,0
5572,pilot,0,0
5573,pilot,0,0
5574,pilot,0,0
5575,pilot,0,0
5576,pilot,0,0
5577,pilot,0,0
5578,pilot,1,0
5579,pilot,0,0
5580,pilot,0,0
5581,pilot,0,0
5582,pilot,0,0
5583,pilot,0,0
5584,pilot,0,0
5585,pilot,0,0
5586,pilot,0,0
5587,pilot,0,0
5588,pilot,1,0
5589,pilot,0,0
5590,pilot,0,0
5591,pilot,0,0
5592,pilot,0,0
5593,pilot,0,0
5594,pilot,1,0
5595,pilot,0,0
5596,pilot,0,0
5597,pilot,0,0
5598,pilot,0,0
5599,pilot,0,0
5600,pilot,0,0
5601,pilot,0,0
5602,pilot,0,0
5603,pilot,0,0
5604,pilot,0,0
5605,pilot,0,0
5606,pilot,0,0
5607,pilot,0,0
5608,pilot,0,0
5609,pilot,0,0
5610,pilot,0,0
5611,pilot,0,0
5612,pilot,0,0
5613,pilot,1,0
5614,pilot,0,0
5615,pilot,0,0
5616,pilot,0,0
5617,pilot,0,0
5618,pilot,0,0
5619,pilot,0,0
5620,pilot,0,0
5621,pilot,0,0
5622,pilot,0,0
5623,pilot,0,0
5624,pilot,0,0
5625,pilot,0,0
5626,pilot,0,0
5627,pilot,0,1
5628,pilot,0,0
5629,pilot,0,0
5630,pilot,0,0
5631,pilot,0,0
5632,pilot,0,0
5633,pilot,0,0
5634,pilot,0,0
5635,pilot,0,0
5636,pilot,0,0
5637,pilot,0,0
5638,pilot,0,0
5639,pilot,0,0
5640,pilot,0,0
5641,pilot,0,0
5642,pilot,0,0
5643,pilot,0,0
5644,pilot,0,0
5645,pilot,0,0
5646,pilot,0,0
5647,pilot,0,0
5648,pilot,0,0
5649,pilot,0,0
5650,pilot,0,0
5651,pilot,0,0
5652,pilot,0,0
5653,pilot,0,0
5654,pilot,0,0
5655,pilot,0,0
5656,pilot,0,0
5657,pilot,0,0
5658,pilot,0,0
5659,pilot,0,0
5660,pilot,0,0
5661,pilot,0,0
5662,pilot,0,0
5663,pilot,0,0
5664,pilot,0,0
5665,pilot,0,0
5666,pilot,0,0
5667,pilot,0,0
5668,pilot,1,0
5669,pilot,0,0
5670,pilot,0,0
5671,pilot,1,0
5672,pilot,0,0
5673,pilot,0,0
5674,pilot,0,0
5675,pilot,0,0
5676,pilot,0,0
5677,pilot,0,0
5678,pilot,0,0
5679,pilot,0,0
5680,pilot,0,0
5681,pilot,0,0
5682,pilot,0,0
5683,pilot,0,0
5684,pilot,0,0
5685,pilot,0,0
5686,pilot,0,0
5687,pilot,1,0
5688,pilot,0,1
5689,pilot,0,0
5690,pilot,0,0
5691,pilot,0,0
5692,pilot,0,0
5693,pilot,0,0
5694,pilot,0,1
5695,pilot,0,0
5696,pilot,1,0
5697,pilot,0,0
5698,pilot,0,0
5699,pilot,0,0
5700,pilot,0,0
5701,pilot,0,0
5702,pilot,0,0
5703,pilot,0,0
5704,pilot,0,0
5705,pilot,0,0
5706,pilot,0,0
5707,pilot,0,0
5708,pilot,1,0
5709,pilot,1,0
5710,pilot,0,0
5711,pilot,0,1
5712,pilot,1,0
5713,pilot,0,0
5714,pilot,0,0
5715,pilot,0,0
5716,pilot,0,0
5717,pilot,1,0
5718,pilot,0,0
5719,pilot,0,0
5720,pilot,0,0
5721,pilot,1,0
5722,pilot,0,0
5723,pilot,0,0
5724,pilot,0,0
5725,pilot,0,0
5726,pilot,0,0
5727,pilot,1,0
5728,pilot,0,0
5729,pilot,0,0
5730,pilot,0,0
5731,pilot,0,0
5732,pilot,0,0
5733,pilot,0,0
5734,pilot,0,0
5735,pilot,0,0
5736,pilot,0,0
5737,pilot,0,0
5738,pilot,0,1
5739,pilot,0,0
5740,pilot,0,0
5741,pilot,0,0
5742,pilot,0,0
5743,pilot,0,0
5744,pilot,0,0
5745,pilot,0,0
5746,pilot,0,0
5747,pilot,1,0
5748,pilot,0,0
5749,pilot,0,0
5750,pilot,0,0
5751,pilot,1,0
5752,pilot,0,0
5753,pilot,0,0
5754,pilot,0,0
5755,pilot,0,0
5756,pilot,0,0
5757,pilot,0,0
5758,pilot,0,0
5759,pilot,0,0
5760,pilot,1,0
5761,pilot,0,0
5762,pilot,0,1
5763,pilot,0,0
5764,pilot,0,0
5765,pilot,0,0
5766,pilot,0,0
5767,pilot,0,0
5768,pilot,0,0
5769,pilot,0,0
5770,pilot,1,0
5771,pilot,0,0
5772,pilot,0,0
5773,pilot,0,0
5774,pilot,0,0
5775,pilot,0,0
5776,pilot,1,0
5777,pilot,0,1
5778,pilot,0,0
5779,pilot,0,0
5780,pilot,0,0
5781,pilot,0,0
5782,pilot,0,0
5783,pilot,0,0
5784,pilot,0,0
5785,pilot,0,0
5786,pilot,0,1
5787,pilot,0,0
5788,pilot,0,0
5789,pilot,0,0
5790,pilot,1,0
5791,pilot,0,0
5792,pilot,0,0
5793,pilot,0,0
5794,pilot,0,0
5795,pilot,0,0
5796,pilot,0,0
5797,pilot,0,1
5798,pilot,0,0
5799,pilot,0,0
5800,pilot,0,0
5801,pilot,0,0
5802,pilot,0,0
5803,pilot,0,0
5804,pilot,0,0
5805,pilot,1,0
5806,pilot,0,0
5807,pilot,0,0
5808,pilot,0,0
5809,pilot,0,0
5810,pilot,0,0
5811,pilot,1,0
5812,pilot,0,0
5813,pilot,1,0
5814,pilot,0,0
5815,pilot,0,0
5816,pilot,0,0
5817,pilot,0,0
5818,pilot,0,0
5819,pilot,0,0
5820,pilot,0,1
5821,pilot,0,0
5822,pilot,0,0
5823,pilot,0,0
5824,pilot,0,0
5825,pilot,0,0
5826,pilot,0,0
5827,pilot,0,0
5828,pilot,0,0
5829,pilot,0,0
5830,pilot,0,0
5831,pilot,1,0
5832,pilot,1,0
5833,pilot,0,0
5834,pilot,1,0
5835,pilot,0,0
5836,pilot,1,0
5837,pilot,0,0
5838,pilot,0,1
5839,pilot,0,0
5840,pilot,0,0
5841,pilot,0,0
5842,pilot,1,0
5843,pilot,0,0
5844,pilot,0,1
5845,pilot,0,0
5846,pilot,0,0
5847,pilot,0,0
5848,pilot,0,0
5849,pilot,0,0
5850,pilot,0,0
5851,pilot,0,0
5852,pilot,0,0
5853,pilot,0,0
5854,pilot,0,0
5855,pilot,0,0
5856,pilot,0,0
5857,pilot,0,0
5858,pilot,0,0
5859,pilot,0,0
5860,pilot,0,1
5861,pilot,0,0
5862,pilot,0,0
5863,pilot,0,0
5864,pilot,0,0
5865,pilot,0,0
5866,pilot,0,0
5867,pilot,0,0
5868,pilot,0,0
5869,pilot,0,0
5870,pilot,0,0
5871,pilot,1,0
5872,pilot,0,0
5873,pilot,0,0
5874,pilot,1,0
5875,pilot,0,1
5876,pilot,0,0
5877,pilot,1,0
5878,pilot,1,0
5879,pilot,0,0
5880,pilot,0,0
5881,pilot,0,1
5882,pilot,0,0
5883,pilot,0,0
5884,pilot,0,1
5885,pilot,0,0
5886,pilot,0,0
5887,pilot,0,0
5888,pilot,0,0
5889,pilot,0,0
5890,pilot,0,0
5891,pilot,0,0
5892,pilot,0,0
5893,pilot,0,0
5894,pilot,0,0
5895,pilot,0,0
5896,pilot,0,0
5897,pilot,0,0
5898,pilot,0,0
5899,pilot,0,0
5900,pilot,0,0
5901,pilot,0,0
5902,pilot,0,0
5903,pilot,0,0
5904,pilot,0,0
5905,pilot,0,0
5906,pilot,0,0
5907,pilot,0,0
5908,pilot,0,0
5909,pilot,0,0
5910,pilot,0,0
5911,pilot,0,0
5912,pilot,0,0
5913,pilot,0,0
5914,pilot,0,0
5915,pilot,0,0
5916,pilot,0,0
5917,pilot,1,0
5918,pilot,0,0
5919,pilot,1,0
5920,pilot,0,0
5921,pilot,0,0
5922,pilot,0,0
5923,pilot,0,0
5924,pilot,1,0
5925,pilot,0,1
5926,pilot,0,0
5927,pilot,0,0
5928,pilot,0,0
5929,pilot,1,0
5930,pilot,0,0
5931,pilot,0,0
5932,pilot,0,0
5933,pilot,0,1
5934,pilot,0,0
5935,pilot,0,0
5936,pilot,0,0
5937,pilot,0,0
5938,pilot,0,0
5939,pilot,0,0
5940,pilot,0,0
5941,pilot,0,1
5942,pilot,0,0
5943,pilot,0,0
5944,pilot,0,0
5945,pilot,0,0
5946,pilot,0,0
5947,pilot,0,0
5948,pilot,0,0
5949,pilot,0,0
5950,pilot,0,1
5951,pilot,0,0
5952,pilot,0,0
5953,pilot,1,0
5954,pilot,0,0
5955,pilot,0,0
5956,pilot,1,0
5957,pilot,0,1
5958,pilot,0,0
5959,pilot,0,0
5960,pilot,0,0
5961,pilot,0,0
5962,pilot,0,0
5963,pilot,0,0
5964,pilot,0,0
5965,pilot,0,0
5966,pilot,0,0
5967,pilot,0,0
5968,pilot,0,0
5969,pilot,1,0
5970,pilot,0,0
5971,pilot,0,0
5972,pilot,0,0
5973,pilot,0,0
5974,pilot,0,0
5975,pilot,0,1
5976,pilot,0,0
5977,pilot,0,0
5978,pilot,0,0
5979,pilot,0,0
5980,pilot,0,0
5981,pilot,1,0
5982,pilot,0,0
5983,pilot,0,0
5984,pilot,0,0
5985,pilot,1,0
5986,pilot,0,0
5987,pilot,0,1
5988,pilot,0,0
5989,pilot,0,0
5990,pilot,0,0
5991,pilot,0,0
5992,pilot,0,0
5993,pilot,0,0
5994,pilot,1,0
5995,pilot,0,0
5996,pilot,0,0
5997,pilot,0,0
5998,pilot,1,0
5999,pilot,0,0
6000,pilot,0,0
