id,age,workclass,education,education_num,marital_status,occupation,hours_per_week,capital_gain,capital_loss,income
1,45,Local-gov,Some-college,10,Never-married,Exec-managerial,38,15000,0,>50K
2,31,Private,HS-grad,9,Married,Craft-repair,34,0,0,>50K
3,33,Private,Some-college,10,Married,Exec-managerial,31,0,0,>50K
4,40,Private,11th,8,Divorced,Farming-fishing,34,0,0,<=50K
5,42,Private,11th,8,Married,Tech-support,33,0,0,<=50K
6,22,Private,Some-college,10,Never-married,Farming-fishing,52,0,0,<=50K
7,41,Federal-gov,11th,8,Never-married,Tech-support,49,0,0,<=50K
8,49,Private,HS-grad,9,Married,Exec-managerial,34,0,0,<=50K
9,46,Local-gov,Bachelors,13,Never-married,Sales,49,0,0,>50K
10,19,Private,HS-grad,9,Never-married,Other-service,52,0,0,<=50K
11,25,Local-gov,Bachelors,13,Married,Other-service,39,0,0,<=50K
12,33,Private,9th,6,Married,Sales,39,0,0,<=50K
13,32,Local-gov,HS-grad,9,Never-married,Sales,23,0,0,>50K
14,45,State-gov,Bachelors,13,Never-married,Machine-op,52,0,0,<=50K
15,34,Private,HS-grad,9,Married,Machine-op,47,0,2000,<=50K
16,21,Self-emp,HS-grad,9,Never-married,Exec-managerial,72,0,0,>50K
17,30,Private,HS-grad,9,Married,Other-service,38,0,0,<=50K
18,33,Private,Some-college,10,Married,Prof-specialty,39,0,0,<=50K
19,29,Private,HS-grad,9,Divorced,Craft-repair,41,0,0,<=50K
20,45,Private,Some-college,10,Married,Machine-op,45,0,0,<=50K
21,50,Private,11th,8,Divorced,Craft-repair,46,0,0,<=50K
22,54,Private,Some-college,10,Married,Exec-managerial,49,0,0,>50K
23,17,Federal-gov,Masters,15,Married,Machine-op,41,0,0,<=50K
24,49,State-gov,HS-grad,9,Divorced,Machine-op,45,0,0,<=50K
25,50,Private,Masters,15,Widowed,Sales,59,0,0,<=50K
26,40,Private,9th,6,Married,Exec-managerial,39,0,0,<=50K
27,26,Private,Some-college,10,Married,Sales,52,0,0,<=50K
28,50,Private,HS-grad,9,Married,Other-service,39,0,0,<=50K
29,75,Local-gov,9th,6,Widowed,Craft-repair,39,0,0,>50K
30,46,Self-emp,Doctorate,18,Never-married,Sales,18,0,0,<=50K
31,17,Private,Bachelors,13,Divorced,Tech-support,37,0,0,<=50K
32,22,Private,HS-grad,9,Divorced,Exec-managerial,31,0,0,<=50K
33,30,Private,Some-college,10,Never-married,Tech-support,21,0,0,>50K
34,36,Private,Bachelors,13,Never-married,Prof-specialty,32,0,0,<=50K
35,27,Federal-gov,Bachelors,13,Divorced,Sales,34,25000,0,>50K
36,51,Private,Masters,15,Married,Machine-op,34,0,0,>50K
37,29,Private,Masters,15,Married,Tech-support,44,0,0,>50K
38,27,Private,11th,8,Married,Other-service,49,5000,0,>50K
39,43,Local-gov,Assoc,11,Never-married,Farming-fishing,22,0,0,<=50K
40,21,Private,HS-grad,9,Married,Tech-support,60,0,500,>50K
41,48,Private,Some-college,10,Married,Tech-support,46,0,0,<=50K
42,39,Private,Assoc,11,Married,Farming-fishing,48,0,0,<=50K
43,54,Self-emp,Some-college,10,Never-married,Machine-op,45,0,0,<=50K
44,45,Private,HS-grad,9,Never-married,Craft-repair,51,5000,0,>50K
45,36,State-gov,9th,6,Divorced,Sales,34,0,0,<=50K
46,50,Local-gov,Bachelors,13,Never-married,Exec-managerial,43,0,0,>50K
47,38,Private,Bachelors,13,Married,Farming-fishing,41,0,0,>50K
48,49,Private,Bachelors,13,Married,Machine-op,48,0,0,<=50K
49,43,Federal-gov,Some-college,10,Married,Craft-repair,38,0,0,<=50K
50,54,Local-gov,Bachelors,13,Never-married,Craft-repair,48,5000,0,>50K
51,34,Private,HS-grad,9,Married,Prof-specialty,48,0,0,<=50K
52,33,State-gov,Assoc,11,Never-married,Tech-support,42,0,0,<=50K
53,54,Federal-gov,Doctorate,18,Married,Craft-repair,34,15000,0,>50K
54,25,Private,Some-college,10,Never-married,Craft-repair,49,0,0,<=50K
55,47,Local-gov,Assoc,11,Never-married,Craft-repair,45,0,0,>50K
56,17,Local-gov,Masters,15,Married,Sales,52,15000,0,>50K
57,40,Federal-gov,Some-college,10,Married,Other-service,31,0,0,<=50K
58,50,Private,HS-grad,9,Widowed,Machine-op,42,0,0,<=50K
59,28,Private,HS-grad,9,Married,Tech-support,33,0,0,>50K
60,43,Private,Bachelors,13,Married,Exec-managerial,60,0,0,>50K
61,21,Federal-gov,Bachelors,13,Never-married,Tech-support,60,0,0,>50K
62,17,Federal-gov,Bachelors,13,Divorced,Craft-repair,54,0,0,<=50K
63,39,Local-gov,Masters,15,Divorced,Sales,40,0,0,<=50K
64,40,Private,Assoc,11,Married,Sales,45,0,0,<=50K
65,59,Private,Bachelors,13,Married,Prof-specialty,41,0,0,>50K
66,47,Local-gov,HS-grad,9,Never-married,Tech-support,55,0,0,<=50K
67,23,State-gov,HS-grad,9,Married,Other-service,17,0,0,<=50K
68,17,Private,Doctorate,18,Married,Sales,39,0,0,>50K
69,43,Private,HS-grad,9,Divorced,Craft-repair,29,0,0,<=50K
70,32,Private,11th,8,Never-married,Craft-repair,31,0,0,<=50K
71,64,Private,Bachelors,13,Married,Tech-support,40,0,0,>50K
72,37,Local-gov,Assoc,11,Never-married,Exec-managerial,37,0,0,<=50K
73,19,Private,Assoc,11,Never-married,Sales,55,0,0,<=50K
74,79,Private,Some-college,10,Married,Sales,52,0,0,>50K
75,30,Private,Bachelors,13,Married,Other-service,28,0,0,<=50K
76,40,Self-emp,Assoc,11,Married,Exec-managerial,30,0,0,>50K
77,51,Private,Doctorate,18,Married,Exec-managerial,61,0,0,>50K
78,30,Private,HS-grad,9,Never-married,Machine-op,34,7500,500,<=50K
79,44,State-gov,Bachelors,13,Never-married,Exec-managerial,39,0,0,<=50K
80,65,Private,Bachelors,13,Never-married,Sales,57,0,0,>50K
81,33,Self-emp,HS-grad,9,Married,Exec-managerial,36,0,0,>50K
82,37,Private,11th,8,Widowed,Sales,35,0,0,<=50K
83,53,Self-emp,Some-college,10,Married,Sales,48,0,0,<=50K
84,41,Private,11th,8,Married,Prof-specialty,40,0,0,>50K
85,31,Private,HS-grad,9,Divorced,Other-service,46,0,0,<=50K
86,35,Local-gov,Some-college,10,Married,Craft-repair,50,0,0,<=50K
87,18,State-gov,HS-grad,9,Married,Farming-fishing,40,0,0,<=50K
88,41,Private,HS-grad,9,Divorced,Prof-specialty,46,0,0,<=50K
89,32,Private,HS-grad,9,Married,Tech-support,44,0,0,<=50K
90,34,State-gov,11th,8,Divorced,Exec-managerial,49,0,0,>50K
91,33,Local-gov,Assoc,11,Married,Other-service,33,0,0,<=50K
92,25,State-gov,Some-college,10,Married,Craft-repair,34,0,0,<=50K
93,41,Self-emp,9th,6,Divorced,Farming-fishing,69,0,0,<=50K
94,41,Private,Some-college,10,Married,Craft-repair,44,0,0,<=50K
95,37,Private,Doctorate,18,Divorced,Exec-managerial,48,0,0,>50K
96,72,Private,11th,8,Married,Machine-op,45,2000,0,<=50K
97,52,Federal-gov,Some-college,10,Married,Farming-fishing,37,0,1500,<=50K
98,35,Private,HS-grad,9,Divorced,Sales,37,0,0,<=50K
99,35,Private,Doctorate,18,Married,Prof-specialty,27,7500,0,>50K
100,37,Private,9th,6,Married,Prof-specialty,41,25000,0,>50K
101,70,Private,Some-college,10,Married,Exec-managerial,61,0,0,>50K
102,28,State-gov,Some-college,10,Divorced,Farming-fishing,50,0,0,<=50K
103,54,Private,HS-grad,9,Married,Prof-specialty,16,0,0,<=50K
104,40,Local-gov,Bachelors,13,Widowed,Prof-specialty,50,0,0,>50K
105,17,Private,Some-college,10,Married,Machine-op,30,0,0,>50K
106,56,State-gov,Some-college,10,Married,Machine-op,50,0,2000,<=50K
107,22,Self-emp,Some-college,10,Never-married,Farming-fishing,59,0,0,<=50K
108,38,State-gov,Bachelors,13,Married,Tech-support,52,0,0,>50K
109,21,Private,Bachelors,13,Widowed,Prof-specialty,48,0,0,>50K
110,41,Private,Some-college,10,Married,Machine-op,29,0,500,<=50K
111,27,Local-gov,HS-grad,9,Married,Craft-repair,29,0,0,<=50K
112,57,Private,HS-grad,9,Widowed,Exec-managerial,34,0,0,<=50K
113,49,Local-gov,Some-college,10,Divorced,Craft-repair,38,0,0,<=50K
114,17,Private,HS-grad,9,Divorced,Machine-op,38,0,0,<=50K
115,32,Private,HS-grad,9,Married,Other-service,65,0,0,>50K
116,51,Federal-gov,Bachelors,13,Married,Prof-specialty,33,7500,0,>50K
117,46,Self-emp,Bachelors,13,Never-married,Craft-repair,51,0,0,<=50K
118,44,Private,Some-college,10,Divorced,Tech-support,42,0,0,>50K
119,38,State-gov,Bachelors,13,Never-married,Machine-op,47,7500,0,>50K
120,52,Private,Some-college,10,Married,Prof-specialty,39,0,0,>50K
121,54,Private,HS-grad,9,Divorced,Craft-repair,49,0,0,>50K
122,47,Private,9th,6,Never-married,Tech-support,38,10000,0,<=50K
123,33,Private,Assoc,11,Never-married,Exec-managerial,55,0,0,<=50K
124,25,Private,9th,6,Widowed,Craft-repair,31,0,0,<=50K
125,51,Federal-gov,Some-college,10,Married,Exec-managerial,37,0,0,<=50K
126,41,Self-emp,Some-college,10,Never-married,Exec-managerial,45,0,0,<=50K
127,30,Private,Masters,15,Divorced,Farming-fishing,53,0,0,>50K
128,57,Self-emp,HS-grad,9,Divorced,Exec-managerial,33,0,0,>50K
129,59,Private,Bachelors,13,Never-married,Exec-managerial,59,0,0,>50K
130,42,Self-emp,Some-college,10,Never-married,Craft-repair,43,0,0,<=50K
131,38,Private,HS-grad,9,Married,Tech-support,59,0,0,<=50K
132,71,State-gov,HS-grad,9,Married,Prof-specialty,34,0,0,<=50K
133,46,State-gov,Bachelors,13,Married,Machine-op,52,0,0,>50K
134,56,Private,Bachelors,13,Divorced,Tech-support,47,0,0,>50K
135,54,Private,Bachelors,13,Divorced,Prof-specialty,31,15000,0,>50K
136,39,Private,Some-college,10,Married,Other-service,40,0,0,<=50K
137,45,Private,Some-college,10,Divorced,Exec-managerial,40,0,0,>50K
138,36,Local-gov,11th,8,Married,Sales,35,0,1000,<=50K
139,65,Self-emp,HS-grad,9,Never-married,Machine-op,31,0,0,>50K
140,37,Federal-gov,11th,8,Divorced,Prof-specialty,26,0,0,<=50K
141,45,Private,HS-grad,9,Divorced,Farming-fishing,46,15000,0,<=50K
142,63,Private,HS-grad,9,Widowed,Craft-repair,28,0,0,<=50K
143,22,State-gov,Some-college,10,Widowed,Exec-managerial,55,0,0,<=50K
144,46,Local-gov,Some-college,10,Never-married,Tech-support,44,0,0,<=50K
145,37,Private,11th,8,Married,Craft-repair,55,0,0,<=50K
146,40,Private,Bachelors,13,Never-married,Craft-repair,32,5000,0,>50K
147,43,Local-gov,Assoc,11,Married,Farming-fishing,39,0,0,<=50K
148,30,Private,Some-college,10,Never-married,Craft-repair,44,0,0,<=50K
149,39,State-gov,11th,8,Divorced,Sales,31,0,0,<=50K
150,47,State-gov,9th,6,Married,Farming-fishing,29,0,0,<=50K
151,61,Self-emp,HS-grad,9,Divorced,Farming-fishing,55,0,0,<=50K
152,34,Self-emp,Some-college,10,Married,Other-service,66,0,2000,<=50K
153,34,Private,HS-grad,9,Never-married,Machine-op,42,0,0,<=50K
154,25,Local-gov,Assoc,11,Married,Prof-specialty,34,0,0,>50K
155,24,Self-emp,11th,8,Never-married,Sales,46,0,0,<=50K
156,51,Private,HS-grad,9,Married,Farming-fishing,49,2000,0,>50K
157,33,Private,Some-college,10,Married,Machine-op,40,0,0,>50K
158,27,Private,Some-college,10,Divorced,Exec-managerial,25,0,0,<=50K
159,60,Private,Some-college,10,Married,Tech-support,54,0,0,<=50K
160,59,Self-emp,Assoc,11,Never-married,Other-service,21,0,0,<=50K
161,61,Private,HS-grad,9,Never-married,Machine-op,56,0,0,<=50K
162,64,Private,Some-college,10,Married,Farming-fishing,33,0,0,<=50K
163,57,Private,Some-college,10,Married,Other-service,22,0,0,<=50K
164,59,Private,Doctorate,18,Never-married,Exec-managerial,65,2000,0,>50K
165,48,Private,Some-college,10,Never-married,Exec-managerial,39,0,0,>50K
166,50,Private,Some-college,10,Married,Other-service,43,0,500,>50K
167,29,Private,Assoc,11,Never-married,Exec-managerial,45,0,0,<=50K
168,37,Private,Bachelors,13,Divorced,Other-service,39,0,0,<=50K
169,41,Federal-gov,Bachelors,13,Married,Prof-specialty,48,0,0,>50K
170,18,State-gov,Doctorate,18,Married,Exec-managerial,50,0,0,>50K
171,54,Federal-gov,Some-college,10,Divorced,Machine-op,47,0,0,<=50K
172,19,Self-emp,HS-grad,9,Married,Prof-specialty,30,0,0,>50K
173,67,Private,Some-college,10,Never-married,Prof-specialty,52,0,0,>50K
174,39,Private,Masters,15,Divorced,Farming-fishing,57,0,0,<=50K
175,40,Private,Some-college,10,Married,Prof-specialty,27,0,0,<=50K
176,56,Private,Bachelors,13,Never-married,Farming-fishing,40,0,0,<=50K
177,37,Private,HS-grad,9,Married,Prof-specialty,24,0,0,>50K
178,70,Private,Assoc,11,Married,Farming-fishing,50,0,0,<=50K
179,31,Private,Bachelors,13,Never-married,Farming-fishing,45,0,0,>50K
180,32,Private,11th,8,Never-married,Prof-specialty,52,0,0,>50K
181,46,Private,HS-grad,9,Divorced,Other-service,52,0,0,<=50K
182,52,State-gov,Assoc,11,Divorced,Other-service,29,0,0,<=50K
183,33,State-gov,Some-college,10,Married,Exec-managerial,33,0,0,>50K
184,46,Private,Some-college,10,Never-married,Exec-managerial,26,0,0,<=50K
185,30,Private,Assoc,11,Never-married,Sales,60,0,0,<=50K
186,47,Local-gov,HS-grad,9,Married,Prof-specialty,36,0,0,<=50K
187,54,Private,Bachelors,13,Married,Tech-support,22,0,0,>50K
188,60,Private,Some-college,10,Never-married,Tech-support,49,0,0,>50K
189,38,Private,Some-college,10,Never-married,Farming-fishing,41,0,0,<=50K
190,34,Private,Bachelors,13,Never-married,Sales,26,0,0,<=50K
191,27,Federal-gov,9th,6,Married,Other-service,36,0,0,<=50K
192,35,Local-gov,Bachelors,13,Married,Prof-specialty,35,0,0,>50K
193,35,Private,HS-grad,9,Married,Exec-managerial,35,0,0,>50K
194,41,State-gov,HS-grad,9,Married,Prof-specialty,38,0,0,>50K
195,17,Private,Some-college,10,Married,Prof-specialty,40,0,0,>50K
196,46,Private,9th,6,Never-married,Exec-managerial,34,0,0,<=50K
197,40,Private,HS-grad,9,Married,Exec-managerial,47,0,0,>50K
198,42,State-gov,Assoc,11,Never-married,Craft-repair,38,0,0,<=50K
199,42,Federal-gov,Bachelors,13,Never-married,Machine-op,29,7500,0,<=50K
200,26,Private,Bachelors,13,Married,Tech-support,44,0,0,<=50K
201,31,Private,HS-grad,9,Never-married,Other-service,35,10000,0,<=50K
202,29,Private,HS-grad,9,Married,Machine-op,31,0,0,<=50K
203,61,Private,Some-college,10,Married,Exec-managerial,28,0,0,>50K
204,31,Private,Bachelors,13,Married,Other-service,35,0,0,>50K
205,51,Self-emp,HS-grad,9,Never-married,Tech-support,34,0,0,<=50K
206,38,Private,HS-grad,9,Never-married,Machine-op,64,0,0,<=50K
207,44,State-gov,HS-grad,9,Widowed,Exec-managerial,53,0,0,<=50K
208,36,Federal-gov,HS-grad,9,Married,Machine-op,35,0,0,<=50K
209,19,State-gov,Some-college,10,Divorced,Exec-managerial,36,0,0,<=50K
210,49,Local-gov,11th,8,Never-married,Prof-specialty,53,0,0,<=50K
211,25,Private,Bachelors,13,Never-married,Craft-repair,20,10000,0,>50K
212,30,Federal-gov,Assoc,11,Never-married,Sales,47,0,0,<=50K
213,38,State-gov,HS-grad,9,Never-married,Craft-repair,46,0,0,<=50K
214,39,Self-emp,HS-grad,9,Never-married,Exec-managerial,49,0,0,<=50K
215,50,Private,HS-grad,9,Never-married,Farming-fishing,16,0,0,<=50K
216,23,State-gov,HS-grad,9,Married,Prof-specialty,52,0,0,<=50K
217,43,Private,11th,8,Never-married,Other-service,57,0,0,<=50K
218,31,Self-emp,11th,8,Widowed,Craft-repair,43,0,0,<=50K
219,58,Local-gov,Some-college,10,Never-married,Exec-managerial,34,0,0,>50K
220,36,Private,Some-college,10,Divorced,Other-service,51,0,0,<=50K
221,42,Self-emp,HS-grad,9,Married,Machine-op,37,0,0,<=50K
222,47,Private,Bachelors,13,Divorced,Machine-op,15,2000,0,>50K
223,20,Private,HS-grad,9,Divorced,Farming-fishing,27,0,0,<=50K
224,46,Self-emp,HS-grad,9,Married,Other-service,43,25000,0,>50K
225,33,Private,Bachelors,13,Married,Other-service,27,0,0,>50K
226,35,Private,Some-college,10,Married,Tech-support,41,0,0,<=50K
227,44,Local-gov,Doctorate,18,Never-married,Machine-op,31,0,0,<=50K
228,43,Private,HS-grad,9,Never-married,Machine-op,33,0,0,<=50K
229,27,Self-emp,Some-college,10,Never-married,Other-service,34,0,0,<=50K
230,42,Federal-gov,HS-grad,9,Married,Prof-specialty,24,0,0,>50K
231,31,Private,Some-college,10,Married,Farming-fishing,25,0,0,<=50K
232,40,Private,11th,8,Never-married,Exec-managerial,41,0,0,>50K
233,34,Private,9th,6,Never-married,Sales,39,0,0,<=50K
234,38,Private,Bachelors,13,Never-married,Exec-managerial,42,0,1000,<=50K
235,17,Private,Bachelors,13,Never-married,Other-service,49,0,0,<=50K
236,18,Local-gov,Doctorate,18,Never-married,Other-service,34,0,0,>50K
237,45,Self-emp,HS-grad,9,Never-married,Exec-managerial,39,0,0,<=50K
238,41,Private,11th,8,Divorced,Other-service,52,25000,0,<=50K
239,21,State-gov,HS-grad,9,Never-married,Other-service,46,0,0,<=50K
240,37,Local-gov,HS-grad,9,Married,Exec-managerial,52,0,0,<=50K
241,38,Private,Bachelors,13,Married,Other-service,56,0,2000,<=50K
242,34,Private,Doctorate,18,Married,Tech-support,45,25000,0,>50K
243,29,Local-gov,HS-grad,9,Married,Craft-repair,23,0,0,<=50K
244,32,Private,HS-grad,9,Married,Sales,34,0,0,<=50K
245,17,Self-emp,HS-grad,9,Married,Sales,51,0,0,<=50K
246,72,Private,HS-grad,9,Married,Machine-op,42,0,0,<=50K
247,43,Private,Doctorate,18,Married,Exec-managerial,34,0,0,>50K
248,27,Self-emp,11th,8,Never-married,Machine-op,43,0,0,<=50K
249,45,Private,Bachelors,13,Widowed,Farming-fishing,37,0,0,<=50K
250,48,State-gov,Some-college,10,Never-married,Exec-managerial,33,2000,0,>50K
251,33,Private,Assoc,11,Married,Prof-specialty,29,0,0,>50K
252,44,Self-emp,11th,8,Married,Sales,39,0,0,<=50K
253,42,Private,Bachelors,13,Never-married,Prof-specialty,37,0,0,<=50K
254,25,Private,HS-grad,9,Married,Farming-fishing,32,0,0,<=50K
255,47,Private,Bachelors,13,Married,Prof-specialty,52,0,0,>50K
256,53,Private,HS-grad,9,Widowed,Exec-managerial,38,0,2000,>50K
257,44,Federal-gov,Bachelors,13,Married,Machine-op,32,0,0,<=50K
258,65,Private,Some-college,10,Married,Exec-managerial,50,0,0,>50K
259,17,State-gov,11th,8,Never-married,Other-service,45,0,0,<=50K
260,23,Federal-gov,Some-college,10,Married,Machine-op,25,0,0,<=50K
261,50,Self-emp,Assoc,11,Never-married,Exec-managerial,32,0,0,<=50K
262,32,State-gov,11th,8,Widowed,Tech-support,40,0,0,>50K
263,38,Private,HS-grad,9,Never-married,Exec-managerial,49,0,0,>50K
264,46,Self-emp,HS-grad,9,Never-married,Other-service,53,0,0,<=50K
265,36,Federal-gov,HS-grad,9,Married,Machine-op,20,15000,0,>50K
266,36,Private,Some-college,10,Never-married,Exec-managerial,17,0,1000,<=50K
267,32,Private,Some-college,10,Never-married,Craft-repair,48,2000,0,<=50K
268,41,Private,HS-grad,9,Married,Machine-op,31,0,0,<=50K
269,29,Private,HS-grad,9,Divorced,Other-service,23,0,0,<=50K
270,32,Private,11th,8,Married,Other-service,41,0,0,<=50K
271,17,Private,HS-grad,9,Married,Tech-support,32,2000,0,>50K
272,54,Private,Some-college,10,Never-married,Prof-specialty,52,0,0,>50K
273,43,Private,Bachelors,13,Never-married,Prof-specialty,47,0,1000,>50K
274,17,Private,HS-grad,9,Divorced,Machine-op,57,0,0,<=50K
275,52,Private,11th,8,Married,Machine-op,36,0,0,<=50K
276,26,Self-emp,Bachelors,13,Never-married,Machine-op,16,7500,0,>50K
277,52,Private,HS-grad,9,Married,Exec-managerial,52,0,0,>50K
278,56,Private,11th,8,Married,Sales,55,0,0,>50K
279,22,Federal-gov,Some-college,10,Married,Exec-managerial,33,0,1500,>50K
280,24,Private,HS-grad,9,Divorced,Craft-repair,41,0,0,<=50K
281,38,Private,Bachelors,13,Married,Craft-repair,27,0,0,>50K
282,39,Private,Some-college,10,Never-married,Tech-support,41,0,0,>50K
283,38,Private,HS-grad,9,Never-married,Machine-op,44,0,0,<=50K
284,27,Private,Assoc,11,Never-married,Machine-op,46,0,0,<=50K
285,43,Private,Bachelors,13,Married,Sales,36,0,0,>50K
286,61,Private,Bachelors,13,Married,Farming-fishing,36,0,0,<=50K
287,17,Private,9th,6,Married,Prof-specialty,52,10000,0,>50K
288,39,Private,Bachelors,13,Married,Sales,47,0,0,<=50K
289,17,Self-emp,Masters,15,Married,Other-service,61,0,0,<=50K
290,66,Self-emp,Bachelors,13,Married,Farming-fishing,27,15000,0,>50K
291,46,Self-emp,Masters,15,Never-married,Craft-repair,7,0,0,<=50K
292,28,Private,HS-grad,9,Divorced,Sales,44,0,0,<=50K
293,51,Private,9th,6,Married,Machine-op,45,0,0,>50K
294,49,Self-emp,Bachelors,13,Divorced,Prof-specialty,48,2000,0,>50K
295,51,Private,HS-grad,9,Married,Prof-specialty,27,0,0,>50K
296,44,Private,Bachelors,13,Never-married,Craft-repair,48,0,0,<=50K
297,24,State-gov,HS-grad,9,Never-married,Exec-managerial,46,0,1500,<=50K
298,18,Self-emp,Masters,15,Married,Sales,38,0,0,>50K
299,39,Private,Some-college,10,Married,Tech-support,51,0,0,<=50K
300,49,Local-gov,Some-college,10,Married,Exec-managerial,46,0,0,>50K
301,17,Private,Some-college,10,Never-married,Other-service,39,0,1000,<=50K
302,48,Self-emp,Bachelors,13,Married,Craft-repair,50,0,0,<=50K
303,36,Self-emp,Bachelors,13,Married,Farming-fishing,41,0,0,<=50K
304,46,Self-emp,11th,8,Never-married,Prof-specialty,38,0,0,<=50K
305,28,Private,Bachelors,13,Never-married,Sales,44,0,0,<=50K
306,68,Federal-gov,11th,8,Married,Craft-repair,35,0,0,<=50K
307,42,Local-gov,9th,6,Divorced,Exec-managerial,30,0,0,<=50K
308,28,State-gov,Assoc,11,Married,Machine-op,55,0,500,<=50K
309,43,Local-gov,HS-grad,9,Married,Craft-repair,30,0,0,>50K
310,34,Private,11th,8,Never-married,Prof-specialty,46,0,0,<=50K
311,36,Private,HS-grad,9,Married,Prof-specialty,29,7500,0,>50K
312,37,Local-gov,Some-college,10,Never-married,Exec-managerial,34,0,0,<=50K
313,29,Private,HS-grad,9,Never-married,Craft-repair,41,0,0,<=50K
314,27,Self-emp,Some-college,10,Married,Other-service,48,0,0,<=50K
315,45,State-gov,Some-college,10,Never-married,Exec-managerial,61,0,0,<=50K
316,43,Self-emp,Some-college,10,Never-married,Other-service,41,0,0,<=50K
317,41,Self-emp,Some-college,10,Married,Other-service,22,0,0,<=50K
318,49,State-gov,HS-grad,9,Never-married,Farming-fishing,42,0,0,<=50K
319,44,Local-gov,Masters,15,Married,Other-service,28,0,0,>50K
320,53,Federal-gov,Some-college,10,Never-married,Tech-support,52,0,0,<=50K
321,29,Federal-gov,Masters,15,Married,Farming-fishing,53,0,0,>50K
322,36,Self-emp,Bachelors,13,Married,Machine-op,25,0,0,<=50K
323,39,Private,Assoc,11,Never-married,Prof-specialty,42,0,0,<=50K
324,39,Private,Some-college,10,Divorced,Exec-managerial,46,0,1000,<=50K
325,46,State-gov,Masters,15,Widowed,Prof-specialty,33,0,0,>50K
326,37,Local-gov,HS-grad,9,Married,Other-service,26,0,0,<=50K
327,38,Private,9th,6,Married,Farming-fishing,57,0,0,<=50K
328,29,State-gov,Assoc,11,Never-married,Craft-repair,28,7500,0,>50K
329,38,Private,Some-college,10,Married,Exec-managerial,46,7500,0,>50K
330,17,Local-gov,HS-grad,9,Married,Sales,51,0,0,>50K
331,39,Private,9th,6,Never-married,Exec-managerial,29,0,0,<=50K
332,40,Private,Some-college,10,Married,Other-service,46,0,0,<=50K
333,36,Local-gov,Some-college,10,Married,Exec-managerial,50,0,0,>50K
334,50,Private,11th,8,Never-married,Farming-fishing,35,0,0,<=50K
335,44,Private,Assoc,11,Married,Other-service,44,0,0,<=50K
336,17,Private,9th,6,Never-married,Other-service,43,2000,0,<=50K
337,56,Private,HS-grad,9,Never-married,Craft-repair,30,0,0,<=50K
338,31,Local-gov,Some-college,10,Married,Other-service,29,0,0,<=50K
339,31,Private,11th,8,Married,Farming-fishing,48,0,0,>50K
340,42,Private,HS-grad,9,Married,Other-service,57,5000,0,<=50K
341,46,Private,HS-grad,9,Married,Sales,41,0,0,<=50K
342,39,Private,HS-grad,9,Divorced,Machine-op,29,0,0,<=50K
343,49,Self-emp,Assoc,11,Divorced,Sales,39,0,0,<=50K
344,22,Federal-gov,Bachelors,13,Married,Other-service,26,0,0,<=50K
345,17,Private,Bachelors,13,Married,Craft-repair,39,10000,0,<=50K
346,45,State-gov,11th,8,Married,Prof-specialty,53,0,0,>50K
347,17,Private,Some-college,10,Never-married,Farming-fishing,54,0,0,<=50K
348,44,Local-gov,Assoc,11,Married,Sales,36,0,0,<=50K
349,36,Federal-gov,Bachelors,13,Widowed,Prof-specialty,34,0,0,>50K
350,23,Private,Masters,15,Married,Machine-op,35,0,0,>50K
351,30,Private,Assoc,11,Never-married,Exec-managerial,37,0,0,>50K
352,48,Private,Bachelors,13,Married,Prof-specialty,49,0,0,>50K
353,38,Federal-gov,11th,8,Married,Farming-fishing,37,0,0,<=50K
354,21,Private,11th,8,Married,Prof-specialty,44,0,0,<=50K
355,63,Private,Some-college,10,Never-married,Farming-fishing,45,2000,0,<=50K
356,60,Self-emp,HS-grad,9,Never-married,Farming-fishing,54,0,0,>50K
357,49,Private,HS-grad,9,Married,Machine-op,56,0,0,<=50K
358,46,Private,Some-college,10,Married,Other-service,43,0,2000,<=50K
359,39,Federal-gov,HS-grad,9,Married,Prof-specialty,47,0,0,>50K
360,38,Local-gov,HS-grad,9,Divorced,Tech-support,63,0,0,>50K
361,39,Private,Doctorate,18,Never-married,Prof-specialty,54,0,0,>50K
362,46,Local-gov,11th,8,Divorced,Tech-support,27,0,1500,<=50K
363,61,Self-emp,Assoc,11,Never-married,Farming-fishing,36,0,0,<=50K
364,20,Self-emp,Assoc,11,Married,Prof-specialty,42,5000,0,>50K
365,46,Private,Bachelors,13,Divorced,Machine-op,33,7500,0,>50K
366,21,Local-gov,HS-grad,9,Married,Prof-specialty,47,0,0,>50K
367,31,Private,9th,6,Never-married,Prof-specialty,49,25000,2000,<=50K
368,42,Private,Assoc,11,Never-married,Exec-managerial,35,0,0,>50K
369,46,State-gov,Bachelors,13,Married,Exec-managerial,28,0,0,>50K
370,40,Private,HS-grad,9,Married,Machine-op,21,0,0,<=50K
371,24,Private,Masters,15,Divorced,Exec-managerial,25,0,0,>50K
372,20,State-gov,Assoc,11,Divorced,Machine-op,40,0,0,<=50K
373,24,Self-emp,HS-grad,9,Married,Exec-managerial,43,0,0,>50K
374,40,Private,11th,8,Never-married,Exec-managerial,59,0,0,<=50K
375,28,Private,Some-college,10,Married,Sales,36,25000,0,<=50K
376,54,Self-emp,Doctorate,18,Married,Other-service,31,0,0,<=50K
377,58,Private,HS-grad,9,Married,Prof-specialty,34,15000,0,>50K
378,48,Private,Doctorate,18,Married,Exec-managerial,39,0,0,>50K
379,45,State-gov,Assoc,11,Married,Machine-op,54,0,0,<=50K
380,43,Self-emp,Bachelors,13,Married,Machine-op,46,0,0,<=50K
381,42,Private,Bachelors,13,Married,Craft-repair,20,25000,0,>50K
382,35,Private,Masters,15,Never-married,Prof-specialty,50,5000,0,>50K
383,29,Local-gov,Some-college,10,Married,Craft-repair,38,0,1500,<=50K
384,47,Private,9th,6,Divorced,Other-service,27,0,0,<=50K
385,44,Local-gov,Bachelors,13,Divorced,Prof-specialty,56,0,0,>50K
386,57,Private,HS-grad,9,Divorced,Other-service,47,0,0,<=50K
387,61,State-gov,Some-college,10,Married,Exec-managerial,51,0,0,>50K
388,27,Private,HS-grad,9,Never-married,Craft-repair,32,0,0,<=50K
389,27,State-gov,Assoc,11,Divorced,Sales,56,0,0,>50K
390,41,Private,HS-grad,9,Never-married,Other-service,46,0,0,<=50K
391,50,Local-gov,Bachelors,13,Married,Exec-managerial,26,15000,0,>50K
392,33,Private,HS-grad,9,Married,Machine-op,34,0,0,<=50K
393,43,Private,HS-grad,9,Married,Other-service,45,0,0,<=50K
394,42,Local-gov,Assoc,11,Widowed,Machine-op,35,0,0,<=50K
395,46,Private,Some-college,10,Married,Sales,51,0,0,>50K
396,36,Private,HS-grad,9,Never-married,Tech-support,39,0,0,<=50K
397,28,Private,9th,6,Divorced,Craft-repair,35,0,0,>50K
398,41,Local-gov,Assoc,11,Never-married,Prof-specialty,33,0,0,>50K
399,19,Self-emp,Some-college,10,Married,Craft-repair,24,0,0,>50K
400,48,Private,Masters,15,Divorced,Sales,39,0,0,>50K
401,41,Private,Some-college,10,Widowed,Tech-support,47,0,0,<=50K
402,34,Private,9th,6,Married,Craft-repair,54,0,0,<=50K
403,36,Private,Assoc,11,Divorced,Prof-specialty,26,0,0,<=50K
404,54,Self-emp,11th,8,Married,Exec-managerial,43,0,0,>50K
405,41,Private,Assoc,11,Married,Prof-specialty,48,0,0,>50K
406,54,State-gov,11th,8,Never-married,Exec-managerial,34,0,0,<=50K
407,46,Local-gov,11th,8,Married,Craft-repair,41,0,0,<=50K
408,34,Self-emp,Bachelors,13,Married,Exec-managerial,47,0,0,>50K
409,55,Federal-gov,HS-grad,9,Never-married,Tech-support,12,0,0,<=50K
410,22,Private,Bachelors,13,Married,Sales,46,0,0,<=50K
411,50,Private,Some-college,10,Married,Sales,56,0,2000,>50K
412,27,Private,HS-grad,9,Divorced,Tech-support,39,0,0,<=50K
413,46,Self-emp,Bachelors,13,Divorced,Sales,58,0,0,>50K
414,23,Private,Assoc,11,Married,Craft-repair,34,0,0,<=50K
415,35,Private,Some-college,10,Married,Exec-managerial,51,0,0,<=50K
416,42,Self-emp,Some-college,10,Married,Exec-managerial,26,0,0,<=50K
417,27,Self-emp,HS-grad,9,Never-married,Exec-managerial,44,0,0,>50K
418,43,Federal-gov,Some-college,10,Never-married,Craft-repair,37,0,0,<=50K
419,40,State-gov,Bachelors,13,Never-married,Other-service,30,0,0,<=50K
420,34,Private,9th,6,Divorced,Machine-op,45,0,0,<=50K
421,37,Private,11th,8,Married,Farming-fishing,26,25000,0,>50K
422,48,Self-emp,Bachelors,13,Married,Other-service,50,0,0,<=50K
423,36,Self-emp,Bachelors,13,Never-married,Prof-specialty,60,0,0,>50K
424,58,Private,Some-college,10,Never-married,Machine-op,38,0,0,<=50K
425,47,Private,HS-grad,9,Married,Other-service,48,0,0,>50K
426,41,Self-emp,HS-grad,9,Never-married,Prof-specialty,45,0,0,>50K
427,53,State-gov,Masters,15,Married,Sales,41,0,0,<=50K
428,35,Private,HS-grad,9,Married,Sales,34,10000,0,<=50K
429,24,Private,Some-college,10,Married,Prof-specialty,46,0,0,>50K
430,31,Self-emp,Some-college,10,Married,Craft-repair,17,0,0,<=50K
431,33,State-gov,11th,8,Widowed,Prof-specialty,30,0,0,<=50K
432,20,Private,HS-grad,9,Married,Sales,37,0,0,<=50K
433,42,Private,HS-grad,9,Never-married,Exec-managerial,47,0,0,<=50K
434,53,Private,Assoc,11,Divorced,Sales,38,0,0,>50K
435,30,Private,Assoc,11,Divorced,Prof-specialty,36,0,0,<=50K
436,38,Private,Assoc,11,Divorced,Exec-managerial,25,0,0,<=50K
437,17,Private,9th,6,Never-married,Tech-support,55,0,0,<=50K
438,39,Self-emp,HS-grad,9,Married,Farming-fishing,51,7500,0,>50K
439,41,Private,11th,8,Widowed,Exec-managerial,29,5000,0,>50K
440,39,Private,11th,8,Never-married,Prof-specialty,37,0,0,<=50K
441,17,Private,11th,8,Married,Craft-repair,30,0,0,<=50K
442,45,Private,Bachelors,13,Divorced,Craft-repair,22,0,0,>50K
443,31,Private,11th,8,Married,Craft-repair,51,0,0,<=50K
444,54,State-gov,HS-grad,9,Married,Sales,34,0,0,<=50K
445,41,Private,9th,6,Married,Craft-repair,44,0,0,<=50K
446,39,Local-gov,11th,8,Married,Exec-managerial,44,0,0,>50K
447,31,Private,Some-college,10,Married,Machine-op,42,0,0,<=50K
448,21,Private,HS-grad,9,Married,Other-service,32,0,0,<=50K
449,23,Private,Bachelors,13,Never-married,Craft-repair,35,0,0,<=50K
450,19,Private,Assoc,11,Widowed,Exec-managerial,43,0,0,>50K
451,41,Self-emp,HS-grad,9,Married,Prof-specialty,47,0,0,<=50K
452,49,Private,Bachelors,13,Married,Machine-op,46,0,0,>50K
453,36,State-gov,Some-college,10,Married,Sales,43,0,0,>50K
454,37,Local-gov,HS-grad,9,Married,Machine-op,44,0,0,<=50K
455,29,Federal-gov,9th,6,Married,Other-service,49,0,0,<=50K
456,22,Private,Some-college,10,Married,Exec-managerial,46,0,0,>50K
457,44,Private,HS-grad,9,Never-married,Tech-support,42,0,0,<=50K
458,32,Private,Bachelors,13,Widowed,Exec-managerial,33,0,0,>50K
459,37,Private,9th,6,Married,Craft-repair,48,5000,0,>50K
460,30,Private,Assoc,11,Married,Prof-specialty,51,5000,0,>50K
461,25,State-gov,HS-grad,9,Married,Tech-support,50,0,0,>50K
462,31,Private,Bachelors,13,Divorced,Exec-managerial,47,0,0,<=50K
463,47,Private,Some-college,10,Married,Sales,31,0,0,<=50K
464,42,Local-gov,Bachelors,13,Never-married,Exec-managerial,26,0,0,>50K
465,61,Private,9th,6,Married,Other-service,30,0,0,<=50K
466,45,State-gov,HS-grad,9,Never-married,Craft-repair,36,0,0,<=50K
467,45,State-gov,HS-grad,9,Never-married,Other-service,50,0,0,<=50K
468,34,Federal-gov,HS-grad,9,Widowed,Farming-fishing,37,0,0,>50K
469,52,Private,Some-college,10,Married,Craft-repair,42,0,0,>50K
470,53,Private,Masters,15,Married,Machine-op,42,0,0,<=50K
471,47,Private,Bachelors,13,Never-married,Exec-managerial,32,0,0,>50K
472,33,Self-emp,Some-college,10,Married,Other-service,49,0,0,<=50K
473,50,Private,Assoc,11,Never-married,Prof-specialty,31,0,0,<=50K
474,52,Private,Assoc,11,Married,Craft-repair,43,0,0,>50K
475,34,Private,HS-grad,9,Never-married,Prof-specialty,39,0,0,<=50K
476,31,Self-emp,Masters,15,Never-married,Machine-op,30,0,0,>50K
477,28,Private,Some-college,10,Married,Farming-fishing,40,0,0,<=50K
478,26,Private,Assoc,11,Divorced,Machine-op,51,0,0,>50K
479,37,Private,HS-grad,9,Never-married,Other-service,42,0,0,<=50K
480,54,Self-emp,HS-grad,9,Never-married,Exec-managerial,26,0,0,<=50K
481,29,Private,Assoc,11,Married,Exec-managerial,43,7500,0,>50K
482,54,Federal-gov,Some-college,10,Married,Tech-support,41,0,0,>50K
483,18,Private,11th,8,Never-married,Exec-managerial,56,0,0,<=50K
484,57,State-gov,Doctorate,18,Married,Machine-op,12,0,0,>50K
485,60,Self-emp,HS-grad,9,Never-married,Prof-specialty,29,0,0,<=50K
486,53,Local-gov,Bachelors,13,Married,Other-service,51,0,0,<=50K
487,66,State-gov,HS-grad,9,Never-married,Farming-fishing,28,0,0,<=50K
488,53,Private,11th,8,Never-married,Prof-specialty,65,0,0,>50K
489,53,Private,Some-college,10,Married,Sales,45,0,0,>50K
490,59,Private,Some-college,10,Married,Exec-managerial,46,0,0,>50K
491,48,Private,HS-grad,9,Never-married,Other-service,37,0,0,<=50K
492,26,Local-gov,Some-college,10,Married,Farming-fishing,57,0,0,<=50K
493,44,Private,11th,8,Married,Prof-specialty,40,0,0,<=50K
494,24,Private,Bachelors,13,Married,Craft-repair,21,0,0,>50K
495,32,Local-gov,Masters,15,Married,Farming-fishing,41,0,0,<=50K
496,57,Private,HS-grad,9,Never-married,Craft-repair,59,0,0,<=50K
497,67,State-gov,Some-college,10,Married,Machine-op,53,0,0,<=50K
498,50,Private,HS-grad,9,Never-married,Exec-managerial,41,0,0,<=50K
499,45,State-gov,11th,8,Married,Prof-specialty,56,0,0,>50K
500,41,Private,Bachelors,13,Widowed,Exec-managerial,38,0,1000,>50K
501,17,Federal-gov,9th,6,Divorced,Exec-managerial,29,0,0,<=50K
502,49,Private,HS-grad,9,Married,Sales,36,0,2000,<=50K
503,40,State-gov,HS-grad,9,Never-married,Craft-repair,33,5000,0,<=50K
504,30,Private,11th,8,Never-married,Farming-fishing,31,0,0,<=50K
505,37,Private,9th,6,Married,Tech-support,41,0,0,<=50K
506,30,State-gov,Some-college,10,Married,Prof-specialty,50,7500,0,>50K
507,32,Private,HS-grad,9,Married,Craft-repair,26,0,0,<=50K
508,39,Private,11th,8,Married,Prof-specialty,27,0,0,>50K
509,41,Self-emp,9th,6,Divorced,Machine-op,25,0,0,<=50K
510,37,Private,Some-college,10,Never-married,Sales,39,0,0,<=50K
511,51,Private,9th,6,Married,Prof-specialty,16,0,0,<=50K
512,34,Private,HS-grad,9,Never-married,Farming-fishing,39,0,0,<=50K
513,26,Private,11th,8,Never-married,Machine-op,22,0,0,<=50K
514,49,Private,HS-grad,9,Married,Other-service,39,0,0,<=50K
515,39,Private,HS-grad,9,Married,Farming-fishing,40,0,0,<=50K
516,54,Private,Some-college,10,Divorced,Machine-op,30,0,0,<=50K
517,28,Private,Some-college,10,Married,Prof-specialty,44,0,0,>50K
518,26,Private,HS-grad,9,Divorced,Machine-op,57,0,0,<=50K
519,31,Self-emp,Some-college,10,Married,Sales,27,0,0,<=50K
520,37,Self-emp,Some-college,10,Never-married,Other-service,26,5000,0,<=50K
521,39,Private,Assoc,11,Married,Exec-managerial,38,0,0,>50K
522,17,State-gov,11th,8,Married,Exec-managerial,33,0,0,<=50K
523,36,Private,HS-grad,9,Never-married,Exec-managerial,43,0,0,<=50K
524,27,Private,Some-college,10,Never-married,Craft-repair,36,0,0,<=50K
525,52,Local-gov,Some-college,10,Never-married,Sales,23,0,0,<=50K
526,45,Private,Some-college,10,Married,Prof-specialty,33,2000,0,>50K
527,19,Private,HS-grad,9,Divorced,Tech-support,41,0,0,<=50K
528,37,Self-emp,Assoc,11,Married,Farming-fishing,50,0,0,<=50K
529,47,Private,HS-grad,9,Divorced,Sales,35,0,0,<=50K
530,39,Self-emp,HS-grad,9,Married,Other-service,52,0,0,>50K
531,46,Private,Bachelors,13,Married,Other-service,42,0,0,<=50K
532,43,Local-gov,Some-college,10,Never-married,Prof-specialty,30,0,0,<=50K
533,55,Private,HS-grad,9,Never-married,Exec-managerial,48,0,0,<=50K
534,56,State-gov,Bachelors,13,Never-married,Farming-fishing,32,0,0,<=50K
535,38,Private,HS-grad,9,Never-married,Machine-op,31,0,0,<=50K
536,31,Self-emp,Masters,15,Married,Sales,44,0,0,>50K
537,25,Private,Bachelors,13,Divorced,Exec-managerial,40,0,0,>50K
538,54,Local-gov,Masters,15,Never-married,Machine-op,48,0,0,<=50K
539,49,Private,Bachelors,13,Never-married,Tech-support,52,0,0,<=50K
540,34,Private,Bachelors,13,Married,Exec-managerial,51,0,0,>50K
541,27,State-gov,Bachelors,13,Married,Exec-managerial,65,0,0,>50K
542,26,State-gov,Assoc,11,Never-married,Craft-repair,55,0,1000,<=50K
543,50,Private,Assoc,11,Married,Machine-op,35,0,0,>50K
544,37,Private,HS-grad,9,Married,Exec-managerial,41,0,0,<=50K
545,30,Private,Some-college,10,Married,Machine-op,38,0,0,<=50K
546,55,State-gov,Bachelors,13,Married,Exec-managerial,36,0,2000,>50K
547,17,Self-emp,Doctorate,18,Married,Farming-fishing,41,0,0,>50K
548,34,Private,9th,6,Divorced,Machine-op,25,0,0,<=50K
549,43,Private,11th,8,Married,Sales,41,0,0,<=50K
550,31,Private,Doctorate,18,Never-married,Tech-support,43,0,500,>50K
551,37,Local-gov,Assoc,11,Divorced,Machine-op,30,0,0,<=50K
552,39,Private,Bachelors,13,Never-married,Prof-specialty,34,0,0,>50K
553,35,State-gov,HS-grad,9,Married,Machine-op,50,0,0,>50K
554,40,Private,HS-grad,9,Never-married,Exec-managerial,27,0,0,>50K
555,42,State-gov,HS-grad,9,Married,Farming-fishing,58,0,0,<=50K
556,26,Private,9th,6,Married,Tech-support,50,0,0,<=50K
557,37,Local-gov,HS-grad,9,Married,Craft-repair,25,0,0,<=50K
558,39,Private,Bachelors,13,Widowed,Prof-specialty,53,0,0,>50K
559,66,Local-gov,HS-grad,9,Married,Machine-op,26,0,0,>50K
560,28,Private,Bachelors,13,Never-married,Exec-managerial,43,0,0,>50K
561,50,State-gov,11th,8,Married,Prof-specialty,51,0,0,>50K
562,33,Private,Bachelors,13,Married,Prof-specialty,65,0,0,>50K
563,48,Self-emp,Masters,15,Divorced,Prof-specialty,45,0,0,<=50K
564,53,Self-emp,Some-college,10,Never-married,Craft-repair,44,0,0,<=50K
565,48,Self-emp,Some-college,10,Married,Other-service,41,0,0,>50K
566,17,Private,HS-grad,9,Never-married,Craft-repair,34,5000,0,<=50K
567,40,Private,HS-grad,9,Never-married,Exec-managerial,33,0,0,<=50K
568,25,Private,Masters,15,Never-married,Farming-fishing,39,0,0,<=50K
569,52,Self-emp,Some-college,10,Never-married,Exec-managerial,41,0,0,>50K
570,56,Private,Masters,15,Married,Prof-specialty,32,0,1500,<=50K
571,19,State-gov,11th,8,Married,Other-service,39,0,0,<=50K
572,33,State-gov,Some-college,10,Never-married,Craft-repair,45,0,0,<=50K
573,45,Federal-gov,Bachelors,13,Married,Sales,44,0,1000,>50K
574,31,Private,Assoc,11,Married,Other-service,38,0,0,<=50K
575,46,Private,HS-grad,9,Never-married,Other-service,31,0,0,<=50K
576,37,Private,Bachelors,13,Married,Other-service,46,0,0,<=50K
577,35,Private,9th,6,Widowed,Sales,36,0,0,<=50K
578,23,Local-gov,Some-college,10,Married,Other-service,41,0,0,<=50K
579,55,Private,Bachelors,13,Never-married,Sales,25,0,0,<=50K
580,31,State-gov,HS-grad,9,Divorced,Tech-support,13,0,0,<=50K
581,35,Private,Assoc,11,Married,Prof-specialty,25,0,0,>50K
582,37,Self-emp,Bachelors,13,Married,Craft-repair,37,0,0,>50K
583,39,Private,11th,8,Married,Exec-managerial,48,0,0,<=50K
584,65,Private,HS-grad,9,Married,Farming-fishing,54,0,0,<=50K
585,45,Private,Assoc,11,Married,Prof-specialty,55,0,0,>50K
586,42,Private,Bachelors,13,Never-married,Tech-support,17,0,0,<=50K
587,17,Self-emp,HS-grad,9,Divorced,Farming-fishing,34,0,0,<=50K
588,17,Federal-gov,9th,6,Married,Other-service,36,0,0,<=50K
589,39,Self-emp,HS-grad,9,Married,Craft-repair,45,2000,0,>50K
590,48,Private,Doctorate,18,Married,Machine-op,34,0,0,>50K
591,58,Private,Masters,15,Never-married,Exec-managerial,31,0,0,>50K
592,33,Self-emp,HS-grad,9,Married,Machine-op,49,0,0,>50K
593,48,Private,Some-college,10,Divorced,Other-service,70,0,0,>50K
594,29,Private,HS-grad,9,Never-married,Exec-managerial,34,0,0,<=50K
595,36,Private,Some-college,10,Never-married,Other-service,35,0,0,<=50K
596,53,Self-emp,9th,6,Married,Machine-op,41,0,1000,<=50K
597,32,State-gov,Some-college,10,Divorced,Prof-specialty,55,0,0,<=50K
598,48,Private,HS-grad,9,Married,Craft-repair,52,0,0,<=50K
599,37,Private,HS-grad,9,Widowed,Exec-managerial,37,0,0,<=50K
600,33,Self-emp,9th,6,Never-married,Craft-repair,56,0,0,<=50K
601,40,State-gov,HS-grad,9,Divorced,Exec-managerial,30,0,0,>50K
602,41,Private,Masters,15,Never-married,Sales,44,0,0,<=50K
603,47,Private,HS-grad,9,Never-married,Sales,48,0,0,<=50K
604,54,Private,Bachelors,13,Never-married,Farming-fishing,34,0,0,<=50K
605,31,Self-emp,Some-college,10,Married,Exec-managerial,55,15000,0,>50K
606,57,Private,Masters,15,Divorced,Prof-specialty,27,0,1000,>50K
607,27,Local-gov,HS-grad,9,Married,Tech-support,59,0,0,>50K
608,37,Federal-gov,HS-grad,9,Married,Farming-fishing,35,0,0,<=50K
609,43,Private,Some-college,10,Married,Farming-fishing,43,0,0,<=50K
610,38,Private,Some-college,10,Married,Machine-op,52,0,0,>50K
611,30,Federal-gov,Some-college,10,Never-married,Craft-repair,40,0,0,<=50K
612,35,Private,Bachelors,13,Married,Exec-managerial,37,0,0,>50K
613,36,Federal-gov,Some-college,10,Never-married,Machine-op,45,0,0,<=50K
614,42,Private,HS-grad,9,Never-married,Tech-support,34,0,0,>50K
615,69,Private,9th,6,Married,Tech-support,32,0,0,>50K
616,55,Private,HS-grad,9,Divorced,Machine-op,13,0,0,<=50K
617,17,Private,Masters,15,Never-married,Prof-specialty,46,0,0,<=50K
618,40,Private,HS-grad,9,Married,Prof-specialty,33,0,0,>50K
619,35,Federal-gov,Masters,15,Married,Prof-specialty,34,0,1000,>50K
620,41,Self-emp,Some-college,10,Divorced,Other-service,44,5000,0,<=50K
621,53,Federal-gov,HS-grad,9,Married,Prof-specialty,49,0,0,>50K
622,71,Private,Some-college,10,Married,Prof-specialty,39,0,0,>50K
623,55,Private,HS-grad,9,Married,Craft-repair,33,0,0,<=50K
624,43,Private,Bachelors,13,Never-married,Exec-managerial,55,0,0,>50K
625,17,Federal-gov,Some-college,10,Divorced,Exec-managerial,46,0,0,>50K
626,60,Private,11th,8,Married,Craft-repair,46,0,0,<=50K
627,29,State-gov,Masters,15,Married,Sales,26,0,0,>50K
628,51,Private,9th,6,Married,Sales,30,0,0,>50K
629,25,Private,Masters,15,Married,Craft-repair,33,0,0,<=50K
630,49,Local-gov,Some-college,10,Never-married,Other-service,27,25000,0,<=50K
631,29,Self-emp,Bachelors,13,Married,Sales,23,0,0,<=50K
632,19,Private,Bachelors,13,Never-married,Other-service,39,0,0,<=50K
633,24,State-gov,Bachelors,13,Married,Craft-repair,40,0,0,>50K
634,21,Private,11th,8,Married,Tech-support,31,0,0,>50K
635,47,Federal-gov,Bachelors,13,Never-married,Exec-managerial,25,0,0,>50K
636,53,Private,HS-grad,9,Married,Prof-specialty,67,15000,0,>50K
637,28,Private,Assoc,11,Married,Tech-support,46,0,0,<=50K
638,33,Private,Some-college,10,Never-married,Craft-repair,41,0,0,<=50K
639,19,State-gov,Some-college,10,Married,Tech-support,50,0,0,>50K
640,49,Private,Bachelors,13,Never-married,Machine-op,33,0,0,>50K
641,32,Federal-gov,HS-grad,9,Never-married,Prof-specialty,22,0,0,<=50K
642,23,State-gov,Some-college,10,Never-married,Other-service,49,0,0,<=50K
643,22,Private,Bachelors,13,Never-married,Craft-repair,46,0,0,<=50K
644,45,Self-emp,Masters,15,Divorced,Exec-managerial,6,0,0,>50K
645,45,Self-emp,Doctorate,18,Never-married,Exec-managerial,54,0,0,>50K
646,48,Private,Some-college,10,Never-married,Other-service,43,0,0,<=50K
647,36,Private,Some-college,10,Divorced,Machine-op,38,0,0,<=50K
648,47,Private,Masters,15,Widowed,Other-service,38,0,0,<=50K
649,25,Private,HS-grad,9,Married,Exec-managerial,52,7500,0,>50K
650,37,Private,11th,8,Married,Machine-op,50,0,0,<=50K
651,43,Private,11th,8,Divorced,Machine-op,22,0,1000,<=50K
652,60,Private,Some-college,10,Married,Other-service,54,0,0,>50K
653,33,Federal-gov,HS-grad,9,Never-married,Prof-specialty,26,0,0,<=50K
654,38,Private,Bachelors,13,Married,Other-service,45,0,0,<=50K
655,51,Private,Bachelors,13,Married,Tech-support,27,0,0,>50K
656,51,Private,Bachelors,13,Never-married,Other-service,21,0,0,<=50K
657,47,Private,9th,6,Married,Tech-support,39,0,0,<=50K
658,47,Private,Some-college,10,Never-married,Craft-repair,47,5000,0,>50K
659,50,Private,Some-college,10,Never-married,Exec-managerial,40,0,0,>50K
660,28,Private,HS-grad,9,Widowed,Sales,51,0,0,<=50K
661,18,State-gov,HS-grad,9,Divorced,Exec-managerial,44,0,0,>50K
662,47,Self-emp,HS-grad,9,Never-married,Sales,39,0,0,<=50K
663,36,Local-gov,HS-grad,9,Never-married,Prof-specialty,29,0,0,<=50K
664,32,Self-emp,Some-college,10,Married,Other-service,51,0,0,>50K
665,38,State-gov,Some-college,10,Divorced,Farming-fishing,33,0,0,<=50K
666,48,Private,Bachelors,13,Divorced,Craft-repair,32,0,0,>50K
667,17,Local-gov,Masters,15,Divorced,Exec-managerial,33,0,0,>50K
668,37,Private,Masters,15,Married,Other-service,39,0,0,<=50K
669,37,Self-emp,HS-grad,9,Divorced,Exec-managerial,36,0,0,<=50K
670,27,Private,Bachelors,13,Never-married,Machine-op,42,0,0,<=50K
671,50,Federal-gov,Masters,15,Married,Machine-op,26,0,0,>50K
672,31,Private,Bachelors,13,Married,Tech-support,36,0,0,>50K
673,23,Private,Doctorate,18,Divorced,Sales,60,2000,0,>50K
674,50,Private,HS-grad,9,Married,Tech-support,47,0,0,>50K
675,55,Private,11th,8,Married,Sales,32,2000,0,<=50K
676,56,Self-emp,Bachelors,13,Married,Prof-specialty,36,0,0,>50K
677,29,Local-gov,HS-grad,9,Married,Exec-managerial,32,0,0,>50K
678,35,Local-gov,HS-grad,9,Never-married,Tech-support,51,0,0,<=50K
679,35,Private,Assoc,11,Married,Other-service,40,0,0,<=50K
680,21,Private,Some-college,10,Divorced,Craft-repair,44,0,0,<=50K
681,31,Private,HS-grad,9,Married,Sales,61,0,0,<=50K
682,74,State-gov,Bachelors,13,Married,Other-service,33,0,0,<=50K
683,36,Private,Masters,15,Married,Farming-fishing,24,0,0,<=50K
684,25,Private,11th,8,Married,Craft-repair,41,0,0,<=50K
685,34,Federal-gov,Assoc,11,Married,Prof-specialty,27,7500,0,>50K
686,47,Private,Masters,15,Never-married,Prof-specialty,22,0,0,>50K
687,48,Self-emp,Bachelors,13,Never-married,Sales,52,0,0,>50K
688,58,Self-emp,HS-grad,9,Never-married,Sales,32,0,0,<=50K
689,37,Private,9th,6,Married,Machine-op,42,0,0,<=50K
690,45,Private,Some-college,10,Never-married,Sales,53,0,0,>50K
691,46,Private,Bachelors,13,Married,Machine-op,38,0,0,<=50K
692,31,Local-gov,Bachelors,13,Never-married,Farming-fishing,46,2000,0,>50K
693,41,Private,Some-college,10,Never-married,Other-service,39,5000,0,<=50K
694,17,Private,11th,8,Married,Prof-specialty,63,0,0,>50K
695,44,Private,Bachelors,13,Married,Exec-managerial,29,0,0,>50K
696,41,Private,Bachelors,13,Divorced,Farming-fishing,32,0,0,<=50K
697,31,Private,Some-college,10,Never-married,Craft-repair,44,0,0,<=50K
698,46,Private,Assoc,11,Never-married,Prof-specialty,35,0,0,<=50K
699,47,Private,Assoc,11,Divorced,Exec-managerial,26,0,0,>50K
700,36,Private,Assoc,11,Married,Exec-managerial,28,0,0,>50K
701,39,Federal-gov,Some-college,10,Married,Machine-op,48,0,0,<=50K
702,54,State-gov,HS-grad,9,Married,Craft-repair,39,0,0,<=50K
703,38,Private,11th,8,Never-married,Farming-fishing,56,0,0,<=50K
704,17,Private,HS-grad,9,Married,Prof-specialty,35,0,0,<=50K
705,37,Private,HS-grad,9,Married,Other-service,44,0,0,<=50K
706,38,Local-gov,HS-grad,9,Married,Exec-managerial,36,0,0,<=50K
707,34,State-gov,HS-grad,9,Married,Sales,44,0,0,>50K
708,38,Private,HS-grad,9,Divorced,Farming-fishing,25,0,0,<=50K
709,17,Local-gov,Assoc,11,Widowed,Sales,43,0,0,<=50K
710,39,Private,HS-grad,9,Never-married,Craft-repair,56,0,0,<=50K
711,36,Federal-gov,Some-college,10,Divorced,Craft-repair,30,0,0,<=50K
712,42,Private,Some-college,10,Married,Prof-specialty,44,0,0,>50K
713,30,Private,HS-grad,9,Never-married,Other-service,40,0,0,<=50K
714,35,Private,HS-grad,9,Married,Sales,42,0,0,<=50K
715,32,State-gov,Some-college,10,Married,Prof-specialty,41,0,0,>50K
716,50,Private,11th,8,Widowed,Tech-support,21,0,0,<=50K
717,29,Private,Assoc,11,Married,Other-service,35,0,0,<=50K
718,32,State-gov,HS-grad,9,Never-married,Other-service,33,0,0,<=50K
719,29,Federal-gov,HS-grad,9,Married,Craft-repair,42,5000,0,>50K
720,25,Federal-gov,11th,8,Never-married,Prof-specialty,48,0,500,<=50K
721,47,Private,HS-grad,9,Never-married,Prof-specialty,50,0,0,<=50K
722,32,Self-emp,Masters,15,Married,Exec-managerial,54,0,0,>50K
723,56,State-gov,Bachelors,13,Divorced,Exec-managerial,54,0,0,>50K
724,46,Private,Bachelors,13,Married,Tech-support,55,0,0,>50K
725,53,Self-emp,Assoc,11,Divorced,Exec-managerial,15,0,0,<=50K
726,39,Federal-gov,11th,8,Never-married,Prof-specialty,53,0,0,<=50K
727,40,Self-emp,Assoc,11,Never-married,Sales,31,0,0,<=50K
728,42,Local-gov,Assoc,11,Never-married,Prof-specialty,53,0,0,<=50K
729,38,Private,HS-grad,9,Widowed,Sales,45,0,0,<=50K
730,30,Local-gov,HS-grad,9,Married,Craft-repair,37,0,0,<=50K
731,25,Private,HS-grad,9,Married,Machine-op,17,0,0,<=50K
732,23,Private,Masters,15,Married,Prof-specialty,49,0,2000,>50K
733,26,Private,HS-grad,9,Married,Other-service,55,0,0,<=50K
734,34,Federal-gov,HS-grad,9,Never-married,Craft-repair,45,0,0,<=50K
735,58,State-gov,Assoc,11,Never-married,Other-service,34,0,0,<=50K
736,41,Private,Assoc,11,Never-married,Farming-fishing,41,0,1500,<=50K
737,49,Federal-gov,Some-college,10,Married,Farming-fishing,41,0,0,<=50K
738,18,Private,Some-college,10,Married,Sales,37,0,0,<=50K
739,45,Private,Masters,15,Divorced,Exec-managerial,50,15000,0,>50K
740,52,State-gov,Assoc,11,Married,Farming-fishing,54,0,0,<=50K
741,63,Local-gov,Some-college,10,Never-married,Craft-repair,29,0,0,<=50K
742,49,Private,Some-college,10,Divorced,Prof-specialty,38,0,0,>50K
743,33,Private,HS-grad,9,Married,Exec-managerial,40,0,0,>50K
744,34,State-gov,Bachelors,13,Married,Machine-op,31,0,0,<=50K
745,33,Self-emp,11th,8,Married,Craft-repair,30,0,0,<=50K
746,46,Private,Some-college,10,Never-married,Prof-specialty,31,0,0,<=50K
747,52,Private,Assoc,11,Never-married,Exec-managerial,51,0,0,>50K
748,17,Self-emp,9th,6,Never-married,Tech-support,33,0,0,<=50K
749,40,Private,Assoc,11,Widowed,Other-service,37,0,0,<=50K
750,63,State-gov,HS-grad,9,Never-married,Farming-fishing,38,0,0,<=50K
751,57,Private,Some-college,10,Married,Prof-specialty,37,0,0,<=50K
752,49,Private,HS-grad,9,Widowed,Exec-managerial,55,0,0,>50K
753,34,Private,11th,8,Married,Exec-managerial,43,0,0,<=50K
754,36,Private,Some-college,10,Widowed,Prof-specialty,50,0,0,<=50K
755,40,Private,Some-college,10,Never-married,Sales,37,0,0,<=50K
756,56,Private,Some-college,10,Married,Prof-specialty,47,0,0,>50K
757,47,Local-gov,Assoc,11,Never-married,Sales,43,0,0,<=50K
758,34,Private,Masters,15,Divorced,Craft-repair,31,5000,0,>50K
759,45,Federal-gov,HS-grad,9,Married,Tech-support,34,0,0,>50K
760,36,Private,Some-college,10,Married,Tech-support,27,0,0,>50K
761,32,Local-gov,Masters,15,Never-married,Sales,38,0,0,<=50K
762,33,Self-emp,Some-college,10,Married,Craft-repair,29,0,1000,<=50K
763,44,Federal-gov,Bachelors,13,Never-married,Craft-repair,28,0,0,<=50K
764,47,State-gov,Some-college,10,Married,Sales,42,0,0,>50K
765,29,Private,Assoc,11,Married,Craft-repair,25,0,0,>50K
766,37,Self-emp,Masters,15,Never-married,Prof-specialty,49,0,0,>50K
767,30,Private,Some-college,10,Never-married,Other-service,46,0,0,<=50K
768,18,Private,HS-grad,9,Married,Other-service,60,0,0,<=50K
769,36,Local-gov,Some-college,10,Divorced,Prof-specialty,33,0,0,<=50K
770,38,Self-emp,HS-grad,9,Married,Other-service,31,0,0,<=50K
771,31,Private,HS-grad,9,Married,Exec-managerial,42,0,0,<=50K
772,35,Private,HS-grad,9,Married,Prof-specialty,25,0,0,>50K
773,44,Private,Bachelors,13,Married,Machine-op,58,0,0,>50K
774,36,Local-gov,HS-grad,9,Married,Machine-op,47,10000,0,>50K
775,43,Private,Some-college,10,Married,Other-service,50,0,0,<=50K
776,53,Private,HS-grad,9,Married,Prof-specialty,27,7500,0,>50K
777,17,Private,Some-college,10,Married,Sales,32,0,0,<=50K
778,53,Local-gov,HS-grad,9,Never-married,Exec-managerial,36,0,0,>50K
779,20,Private,9th,6,Never-married,Other-service,36,0,0,<=50K
780,51,State-gov,Assoc,11,Never-married,Prof-specialty,42,0,500,>50K
781,19,Federal-gov,HS-grad,9,Never-married,Prof-specialty,37,0,1500,<=50K
782,24,Local-gov,Bachelors,13,Married,Machine-op,37,0,0,>50K
783,59,Federal-gov,Assoc,11,Never-married,Prof-specialty,35,0,0,>50K
784,29,Self-emp,Some-college,10,Never-married,Farming-fishing,39,0,0,<=50K
785,70,Private,HS-grad,9,Married,Machine-op,44,10000,0,<=50K
786,51,Private,Doctorate,18,Never-married,Sales,30,0,0,<=50K
787,53,State-gov,Masters,15,Divorced,Machine-op,29,0,0,>50K
788,28,Private,Some-college,10,Never-married,Farming-fishing,22,0,0,<=50K
789,30,Private,HS-grad,9,Married,Craft-repair,40,0,0,<=50K
790,17,Private,Bachelors,13,Never-married,Tech-support,31,0,0,>50K
791,34,Federal-gov,Bachelors,13,Married,Craft-repair,34,0,0,>50K
792,32,Private,Assoc,11,Married,Farming-fishing,45,15000,0,>50K
793,36,Private,11th,8,Married,Sales,46,0,0,>50K
794,51,Private,HS-grad,9,Divorced,Sales,49,0,0,>50K
795,36,Private,Assoc,11,Married,Exec-managerial,52,0,0,>50K
796,22,State-gov,Bachelors,13,Never-married,Exec-managerial,33,0,0,>50K
797,28,Private,HS-grad,9,Married,Sales,34,0,0,<=50K
798,21,Private,Assoc,11,Never-married,Tech-support,39,10000,0,>50K
799,31,Private,Some-college,10,Married,Farming-fishing,27,0,0,<=50K
800,51,Local-gov,9th,6,Never-married,Craft-repair,39,0,0,<=50K
801,40,Private,11th,8,Never-married,Machine-op,36,0,0,<=50K
802,43,Private,HS-grad,9,Never-married,Exec-managerial,39,0,0,<=50K
803,21,Federal-gov,9th,6,Never-married,Prof-specialty,59,0,500,<=50K
804,19,Local-gov,Bachelors,13,Married,Prof-specialty,31,0,0,>50K
805,30,Self-emp,HS-grad,9,Married,Sales,39,0,0,<=50K
806,47,Private,Assoc,11,Widowed,Machine-op,36,0,0,<=50K
807,38,State-gov,Some-college,10,Married,Sales,30,0,0,<=50K
808,61,State-gov,Bachelors,13,Married,Exec-managerial,32,25000,0,>50K
809,32,Private,HS-grad,9,Married,Exec-managerial,48,0,0,<=50K
810,27,Private,Some-college,10,Divorced,Tech-support,54,0,0,>50K
811,43,Private,Assoc,11,Never-married,Machine-op,44,0,0,<=50K
812,50,Private,Assoc,11,Married,Sales,46,0,0,>50K
813,52,Private,Assoc,11,Never-married,Tech-support,34,0,0,>50K
814,48,Private,Bachelors,13,Married,Craft-repair,30,10000,0,<=50K
815,25,Self-emp,HS-grad,9,Married,Prof-specialty,36,0,0,>50K
816,34,Private,Assoc,11,Married,Craft-repair,21,0,0,<=50K
817,36,Local-gov,9th,6,Never-married,Craft-repair,47,0,0,<=50K
818,38,Private,11th,8,Divorced,Sales,48,0,0,<=50K
819,39,Self-emp,Bachelors,13,Never-married,Prof-specialty,47,5000,0,>50K
820,39,Private,9th,6,Widowed,Exec-managerial,48,0,0,<=50K
821,36,Private,HS-grad,9,Married,Sales,40,15000,0,>50K
822,19,Private,11th,8,Divorced,Other-service,50,0,0,>50K
823,54,Private,HS-grad,9,Divorced,Tech-support,43,0,0,<=50K
824,20,Private,9th,6,Never-married,Machine-op,47,0,0,<=50K
825,36,Private,Some-college,10,Divorced,Machine-op,48,5000,0,<=50K
826,42,Private,Bachelors,13,Married,Tech-support,35,0,0,<=50K
827,22,Local-gov,Masters,15,Married,Prof-specialty,39,0,1500,>50K
828,43,Self-emp,11th,8,Divorced,Exec-managerial,50,0,0,<=50K
829,40,Local-gov,HS-grad,9,Married,Prof-specialty,43,0,0,>50K
830,49,Private,Some-college,10,Never-married,Prof-specialty,33,0,0,<=50K
831,57,Local-gov,11th,8,Divorced,Craft-repair,50,0,0,<=50K
832,52,Private,Assoc,11,Never-married,Craft-repair,39,0,0,<=50K
833,39,Private,HS-grad,9,Married,Other-service,23,0,0,>50K
834,17,Private,Some-college,10,Married,Craft-repair,54,0,0,<=50K
835,41,Private,Bachelors,13,Divorced,Farming-fishing,54,0,0,>50K
836,25,Federal-gov,HS-grad,9,Never-married,Craft-repair,40,0,0,<=50K
837,22,Private,Some-college,10,Never-married,Prof-specialty,38,0,0,>50K
838,33,State-gov,Masters,15,Divorced,Exec-managerial,31,0,0,<=50K
839,38,Private,Some-college,10,Married,Craft-repair,37,0,0,>50K
840,28,Local-gov,Bachelors,13,Never-married,Prof-specialty,60,0,1500,>50K
841,74,Private,HS-grad,9,Married,Machine-op,22,0,0,<=50K
842,20,Federal-gov,Doctorate,18,Divorced,Other-service,33,0,0,<=50K
843,17,Local-gov,11th,8,Never-married,Craft-repair,30,0,0,<=50K
844,41,Private,Bachelors,13,Widowed,Other-service,33,15000,0,<=50K
845,22,Private,Some-college,10,Never-married,Farming-fishing,45,0,0,<=50K
846,22,Federal-gov,HS-grad,9,Married,Sales,39,0,0,<=50K
847,17,State-gov,9th,6,Divorced,Machine-op,34,0,0,<=50K
848,17,Private,11th,8,Widowed,Tech-support,42,0,0,<=50K
849,18,Local-gov,11th,8,Never-married,Exec-managerial,71,0,0,<=50K
850,20,State-gov,Masters,15,Married,Sales,44,0,1500,>50K
851,39,State-gov,HS-grad,9,Married,Exec-managerial,27,0,0,>50K
852,53,Self-emp,Some-college,10,Never-married,Exec-managerial,47,0,0,<=50K
853,26,Local-gov,Assoc,11,Never-married,Sales,45,0,0,<=50K
854,47,Private,Bachelors,13,Married,Exec-managerial,30,0,0,>50K
855,30,Private,HS-grad,9,Never-married,Sales,21,0,0,<=50K
856,39,Local-gov,Bachelors,13,Married,Prof-specialty,62,0,0,>50K
857,38,Local-gov,11th,8,Never-married,Prof-specialty,39,0,0,<=50K
858,35,Private,Assoc,11,Never-married,Prof-specialty,42,0,0,>50K
859,73,Private,Some-college,10,Married,Tech-support,41,10000,0,<=50K
860,48,Private,Some-college,10,Never-married,Exec-managerial,34,5000,0,>50K
861,21,Self-emp,HS-grad,9,Married,Prof-specialty,37,0,0,<=50K
862,43,Private,HS-grad,9,Married,Machine-op,47,0,0,<=50K
863,35,Local-gov,Masters,15,Married,Machine-op,56,0,0,<=50K
864,33,State-gov,Some-college,10,Married,Craft-repair,45,0,0,>50K
865,43,Private,Bachelors,13,Married,Machine-op,51,0,0,<=50K
866,24,Private,HS-grad,9,Never-married,Prof-specialty,51,0,0,>50K
867,40,Private,11th,8,Never-married,Other-service,27,15000,0,<=50K
868,28,Federal-gov,Some-college,10,Divorced,Exec-managerial,59,0,0,<=50K
869,53,Private,11th,8,Divorced,Exec-managerial,42,0,0,>50K
870,41,Federal-gov,HS-grad,9,Never-married,Prof-specialty,28,0,0,<=50K
871,42,State-gov,HS-grad,9,Never-married,Other-service,30,7500,0,<=50K
872,43,Federal-gov,Bachelors,13,Married,Sales,41,0,0,>50K
873,29,State-gov,HS-grad,9,Married,Craft-repair,23,10000,0,>50K
874,32,State-gov,Bachelors,13,Married,Other-service,49,0,0,<=50K
875,27,Self-emp,Some-college,10,Divorced,Prof-specialty,42,0,0,>50K
876,18,Self-emp,Bachelors,13,Never-married,Prof-specialty,42,0,0,<=50K
877,17,State-gov,HS-grad,9,Married,Exec-managerial,27,0,0,<=50K
878,25,Private,HS-grad,9,Divorced,Craft-repair,51,0,0,<=50K
879,57,Self-emp,Assoc,11,Married,Craft-repair,30,0,0,<=50K
880,24,Federal-gov,9th,6,Divorced,Farming-fishing,63,0,0,<=50K
881,21,Local-gov,HS-grad,9,Never-married,Other-service,33,0,0,<=50K
882,42,Local-gov,Bachelors,13,Divorced,Prof-specialty,42,0,0,>50K
883,37,Private,Some-college,10,Never-married,Farming-fishing,53,0,0,<=50K
884,30,Local-gov,HS-grad,9,Married,Craft-repair,43,0,0,<=50K
885,41,Private,Some-college,10,Divorced,Machine-op,29,0,0,<=50K
886,51,Federal-gov,9th,6,Married,Exec-managerial,41,0,0,>50K
887,38,Self-emp,Bachelors,13,Never-married,Machine-op,28,0,0,<=50K
888,32,Private,Assoc,11,Never-married,Machine-op,45,0,0,<=50K
889,25,Self-emp,9th,6,Married,Machine-op,27,0,0,>50K
890,32,Federal-gov,Doctorate,18,Married,Farming-fishing,29,0,0,<=50K
891,42,Private,Some-college,10,Married,Other-service,38,0,0,<=50K
892,44,Local-gov,Some-college,10,Married,Exec-managerial,27,0,0,>50K
893,37,State-gov,Bachelors,13,Never-married,Other-service,28,0,1500,<=50K
894,33,Private,Some-college,10,Married,Prof-specialty,38,0,1000,<=50K
895,17,Self-emp,11th,8,Never-married,Other-service,34,0,0,<=50K
896,37,Private,11th,8,Married,Farming-fishing,33,7500,0,<=50K
897,56,Private,Masters,15,Married,Sales,38,0,0,>50K
898,62,Self-emp,HS-grad,9,Married,Exec-managerial,41,0,0,>50K
899,26,Private,9th,6,Divorced,Exec-managerial,17,0,0,<=50K
900,39,Self-emp,Assoc,11,Widowed,Prof-specialty,50,0,2000,>50K
901,36,Local-gov,Assoc,11,Married,Sales,31,0,0,<=50K
902,39,Local-gov,HS-grad,9,Never-married,Sales,59,7500,0,>50K
903,33,Federal-gov,Some-college,10,Never-married,Prof-specialty,57,0,0,<=50K
904,52,Private,Assoc,11,Married,Sales,36,0,0,>50K
905,26,Private,Bachelors,13,Married,Other-service,46,0,0,>50K
906,54,Private,HS-grad,9,Married,Craft-repair,40,0,0,<=50K
907,62,Self-emp,11th,8,Married,Farming-fishing,53,0,0,<=50K
908,53,Federal-gov,HS-grad,9,Married,Craft-repair,41,0,0,>50K
909,66,Private,Bachelors,13,Divorced,Craft-repair,43,0,0,<=50K
910,30,Self-emp,Bachelors,13,Never-married,Machine-op,44,15000,1000,>50K
911,22,State-gov,Some-college,10,Never-married,Prof-specialty,48,0,0,<=50K
912,36,Private,9th,6,Married,Craft-repair,50,0,0,>50K
913,42,Private,Some-college,10,Married,Other-service,39,0,0,<=50K
914,19,Private,HS-grad,9,Married,Exec-managerial,36,0,0,>50K
915,61,Private,Masters,15,Married,Prof-specialty,39,0,0,>50K
916,41,Private,Bachelors,13,Widowed,Craft-repair,35,0,0,<=50K
917,53,Local-gov,Some-college,10,Never-married,Sales,32,0,0,<=50K
918,54,Private,Assoc,11,Married,Other-service,49,0,0,>50K
919,28,Private,Masters,15,Never-married,Sales,43,0,0,>50K
920,42,Private,11th,8,Married,Sales,30,0,500,>50K
921,39,Self-emp,HS-grad,9,Married,Sales,28,0,0,<=50K
922,33,Private,Some-college,10,Married,Farming-fishing,27,0,0,<=50K
923,40,Private,Bachelors,13,Married,Other-service,32,0,0,>50K
924,28,Private,Some-college,10,Never-married,Sales,35,5000,0,<=50K
925,36,Private,9th,6,Never-married,Farming-fishing,38,0,0,<=50K
926,45,Local-gov,Some-college,10,Never-married,Craft-repair,53,0,0,<=50K
927,52,Private,Assoc,11,Divorced,Prof-specialty,25,0,0,>50K
928,21,Private,Assoc,11,Married,Sales,48,0,0,<=50K
929,36,Private,Bachelors,13,Never-married,Other-service,30,25000,0,>50K
930,22,Self-emp,Bachelors,13,Married,Prof-specialty,46,0,0,<=50K
931,55,Local-gov,HS-grad,9,Never-married,Craft-repair,39,0,0,>50K
932,57,Private,Some-college,10,Never-married,Exec-managerial,41,0,0,>50K
933,47,Private,Masters,15,Widowed,Sales,35,7500,0,>50K
934,42,Private,Bachelors,13,Never-married,Exec-managerial,33,0,0,>50K
935,51,Private,HS-grad,9,Never-married,Craft-repair,46,0,0,<=50K
936,38,Private,Some-college,10,Married,Craft-repair,36,0,0,>50K
937,50,Private,Some-college,10,Married,Sales,45,0,0,>50K
938,34,Private,Assoc,11,Married,Farming-fishing,34,0,0,<=50K
939,66,Federal-gov,Some-college,10,Divorced,Tech-support,24,0,0,<=50K
940,55,Federal-gov,HS-grad,9,Never-married,Machine-op,43,0,0,<=50K
941,61,Local-gov,Some-college,10,Never-married,Farming-fishing,39,0,0,<=50K
942,51,Private,HS-grad,9,Married,Sales,29,0,0,<=50K
943,22,Private,11th,8,Divorced,Machine-op,50,0,0,<=50K
944,43,Private,Assoc,11,Never-married,Craft-repair,40,0,0,>50K
945,30,Local-gov,Some-college,10,Married,Farming-fishing,35,7500,0,>50K
946,24,Private,Bachelors,13,Never-married,Farming-fishing,30,0,0,<=50K
947,28,Private,Bachelors,13,Widowed,Exec-managerial,56,0,0,>50K
948,19,Private,Assoc,11,Married,Exec-managerial,25,0,0,<=50K
949,17,Self-emp,HS-grad,9,Never-married,Other-service,38,2000,0,<=50K
950,30,Federal-gov,Some-college,10,Never-married,Sales,27,0,1000,<=50K
951,17,Private,HS-grad,9,Never-married,Other-service,28,0,0,<=50K
952,47,Private,Assoc,11,Never-married,Exec-managerial,38,5000,0,>50K
953,28,Private,Assoc,11,Widowed,Other-service,55,0,0,>50K
954,32,Private,HS-grad,9,Married,Farming-fishing,32,0,0,<=50K
955,17,Private,Some-college,10,Never-married,Farming-fishing,43,0,1500,<=50K
956,51,Private,HS-grad,9,Married,Other-service,53,0,0,<=50K
957,52,Private,Doctorate,18,Married,Machine-op,37,7500,0,>50K
958,55,Self-emp,HS-grad,9,Never-married,Tech-support,22,0,0,<=50K
959,39,Private,HS-grad,9,Never-married,Sales,58,0,0,<=50K
960,50,State-gov,Some-college,10,Never-married,Tech-support,20,0,0,<=50K
961,33,Private,Bachelors,13,Divorced,Prof-specialty,42,0,500,>50K
962,38,Private,HS-grad,9,Never-married,Prof-specialty,35,0,0,<=50K
963,48,Self-emp,Doctorate,18,Married,Machine-op,47,0,0,<=50K
964,29,Private,11th,8,Never-married,Exec-managerial,37,0,0,<=50K
965,26,Self-emp,Assoc,11,Married,Farming-fishing,47,0,0,<=50K
966,25,Self-emp,HS-grad,9,Never-married,Exec-managerial,37,0,0,<=50K
967,23,Private,9th,6,Never-married,Machine-op,42,25000,1500,<=50K
968,37,Federal-gov,Bachelors,13,Married,Other-service,30,0,0,<=50K
969,38,Private,Doctorate,18,Divorced,Sales,50,15000,0,>50K
970,34,Local-gov,Some-college,10,Never-married,Exec-managerial,56,0,0,<=50K
971,45,Private,HS-grad,9,Never-married,Prof-specialty,57,0,0,>50K
972,45,State-gov,HS-grad,9,Married,Farming-fishing,29,0,0,<=50K
973,41,Private,Masters,15,Married,Other-service,31,0,0,>50K
974,53,Federal-gov,Some-college,10,Divorced,Prof-specialty,38,0,0,>50K
975,39,Private,Some-college,10,Widowed,Sales,22,0,0,<=50K
976,58,Private,Some-college,10,Never-married,Exec-managerial,44,7500,0,>50K
977,50,Private,Bachelors,13,Never-married,Other-service,28,2000,0,<=50K
978,33,Self-emp,HS-grad,9,Never-married,Exec-managerial,39,0,0,<=50K
979,46,Self-emp,Bachelors,13,Never-married,Other-service,29,0,0,<=50K
980,31,Federal-gov,HS-grad,9,Married,Craft-repair,59,0,0,<=50K
981,49,Federal-gov,HS-grad,9,Married,Prof-specialty,33,0,500,>50K
982,51,Private,Bachelors,13,Never-married,Craft-repair,52,0,0,>50K
983,17,Private,HS-grad,9,Married,Tech-support,31,0,0,<=50K
984,40,Federal-gov,Bachelors,13,Never-married,Sales,40,0,0,<=50K
985,66,Federal-gov,Assoc,11,Married,Other-service,51,0,0,<=50K
986,37,State-gov,9th,6,Never-married,Craft-repair,51,0,0,<=50K
987,25,Private,Bachelors,13,Married,Exec-managerial,35,0,0,>50K
988,17,Self-emp,Masters,15,Never-married,Craft-repair,47,0,0,<=50K
989,34,Private,Masters,15,Married,Other-service,36,0,0,>50K
990,42,Private,Bachelors,13,Divorced,Machine-op,51,0,0,<=50K
991,37,Private,HS-grad,9,Widowed,Prof-specialty,44,0,0,<=50K
992,49,Private,Masters,15,Married,Machine-op,26,0,0,<=50K
993,17,Private,Masters,15,Married,Exec-managerial,38,0,0,>50K
994,54,Private,HS-grad,9,Never-married,Sales,25,0,500,<=50K
995,52,Local-gov,Some-college,10,Married,Machine-op,39,10000,0,>50K
996,22,Private,Some-college,10,Married,Machine-op,21,0,0,<=50K
997,30,Private,HS-grad,9,Married,Sales,42,0,0,>50K
998,36,Federal-gov,Bachelors,13,Married,Prof-specialty,49,0,0,>50K
999,42,Self-emp,Bachelors,13,Divorced,Sales,40,0,0,<=50K
1000,18,State-gov,Some-college,10,Widowed,Machine-op,37,0,0,<=50K
