PassengerId,Survived,Pclass,Sex,Age,SibSp,Parch,Fare,Embarked
1,1,2,female,58.97529944212322,4,6,28.68421641507729,S
2,1,2,female,26.106423293837945,3,6,56.373261122891314,S
3,1,2,female,21.63484402986699,4,6,42.20315802781969,Q
4,0,3,male,37.82853426248487,4,6,30.469602377225694,S
5,1,2,male,13.540286237954628,1,1,49.8886636793545,C
6,0,3,female,58.68159247047129,0,3,7.501748912787733,S
7,1,1,female,45.97879169105846,2,3,56.44556120849561,S
8,1,3,female,39.460422998231806,0,5,30.66819491674078,C
9,1,1,female,61.26435918946925,0,1,24.352084019343593,S
10,0,3,male,27.548541895638696,2,5,22.1931979529068,S
11,1,1,female,16.361150448843432,3,5,101.5672015564509,S
12,0,1,male,15.82451690159297,5,5,56.743130744808006,S
13,1,1,female,46.00309008637268,1,1,39.98807510521546,Q
14,1,3,male,38.136860886281085,2,4,14.95183863477365,C
15,1,1,female,39.38634972070846,3,1,41.61477950253079,S
16,1,3,female,6.397989946057098,0,1,26.52579291702646,C
17,1,1,female,43.52696517305407,1,4,35.60638229166407,S
18,1,3,female,31.233604965440467,3,4,25.30181059753444,S
19,1,1,male,33.10120189276576,5,0,160.7643967609221,S
20,1,1,female,38.734287021494204,3,1,21.594262462208366,C
21,1,3,male,50.112021773279245,1,6,36.93714007367929,S
22,0,3,male,52.41442864387592,4,6,66.76494056809611,S
23,1,1,female,41.978637894792335,3,1,131.99646036863334,S
24,1,2,female,32.11328498284301,0,1,39.02352085075231,C
25,0,1,female,18.38838479788248,1,0,8.847417450405846,S
26,1,1,male,24.762364180249183,3,6,60.690386039156834,S
27,1,3,male,16.9850835465796,0,5,68.57925388288062,S
28,1,1,female,31.004257401427182,1,6,129.08544702157724,C
29,0,3,male,28.911406900813837,0,1,11.188286613467184,S
30,0,2,male,39.912396027497564,3,0,78.91019538040575,C
31,1,3,female,3.3276666949727094,5,2,23.349882657120357,C
32,1,3,female,24.58222972432106,3,6,26.555276729167527,C
33,1,3,female,27.82482141930693,2,0,88.56521496862956,Q
34,1,2,male,42.164943966537926,5,0,38.12552126545166,S
35,1,3,male,44.04042960760297,5,2,5.246977184484292,S
36,1,3,female,28.261717707216835,3,6,5.524903409190268,S
37,0,3,male,44.17261134458899,2,1,7.339806648168455,S
38,1,1,female,8.00734242746222,3,1,33.62388438627828,C
39,1,2,female,39.65949190869317,0,2,42.536002040668535,S
40,0,3,male,26.82913892976161,3,4,43.51316364490947,S
41,1,3,female,27.410046706797814,3,3,31.990750687652827,S
42,0,3,male,11.054854730897222,1,3,61.12065393784731,S
43,1,3,female,31.17393422769252,0,2,35.15216904727226,C
44,0,2,male,33.62580638441638,2,2,45.11802610685013,C
45,1,3,female,39.36827855227991,5,6,4.873267316791852,S
46,1,3,male,41.145892457959775,0,6,5.129747847626027,C
47,0,3,male,18.952412914408022,1,4,30.054475714239228,S
48,0,3,male,24.40012862313505,2,0,5.2256723674189685,S
49,0,1,male,46.7816246505394,2,2,4.342765108087009,Q
50,0,1,male,33.653670123747645,3,1,7.053183934572926,S
51,0,3,male,23.756262061631304,2,3,21.781372746157157,S
52,1,3,male,16.263115796454795,3,4,3.416854882171625,S
53,0,3,male,14.98580124845878,1,2,16.538929622683614,C
54,1,3,female,26.604180215105217,4,3,31.727778265773903,S
55,0,3,male,39.644191556868634,4,4,9.156426135551268,S
56,0,3,male,0.0,0,6,85.22589543057556,S
57,0,2,female,37.65930063531622,0,1,5.126023224525481,C
58,1,2,female,37.577411090711564,4,2,30.22655050554006,S
59,0,3,male,6.060570112498912,5,6,22.460047904273498,S
60,1,1,female,14.507229069256967,4,4,21.640659151715774,Q
61,0,2,male,40.428224691427985,5,4,21.675284661203076,S
62,1,3,male,0.0,0,3,70.98910437594077,S
63,0,3,male,25.939200292148897,3,5,62.430523930976804,S
64,1,1,female,35.1009504449272,2,2,105.14739152325905,S
65,0,2,male,16.31344420992064,2,5,27.56857094808131,Q
66,1,3,male,56.72724425838564,5,3,71.74207486346685,S
67,0,3,female,21.647030053097282,1,5,6.784140935784775,S
68,1,2,female,15.450631764243937,2,3,34.392182265650646,S
69,0,3,female,37.674799393793,2,3,2.317819084461346,S
70,1,2,male,0.0,4,3,11.396537956928578,S
71,0,1,male,38.402739695004655,4,6,17.35676886950565,Q
72,1,2,female,29.603127296430948,5,3,11.99322634108691,C
73,0,1,male,38.75443271892111,3,4,29.638325173882496,S
74,1,3,male,40.786039603454796,2,0,96.97508831339205,Q
75,1,2,male,30.882237858892097,4,6,36.73657088910044,S
76,1,3,male,26.317294962486763,5,4,163.6624320474421,S
77,1,2,female,30.797408700434268,0,1,23.467349506495427,S
78,1,1,female,29.87906931481146,1,6,24.105251786208534,S
79,1,3,male,12.063812476392215,0,0,2.074323393475264,S
80,1,2,male,31.048700298828244,3,4,34.1408675646262,Q
81,1,1,male,30.51377149424646,5,5,15.446291113861095,Q
82,1,1,male,44.62817096682933,4,3,2.573006181640366,C
83,1,3,female,41.787045763488564,4,5,64.83022323193875,S
84,1,3,female,9.538273323731278,1,1,13.923513138864427,S
85,1,1,male,50.96988078837221,2,0,5.249436275533644,S
86,1,1,male,32.165359794968985,5,2,8.41641998189401,S
87,0,2,male,53.604934273589286,3,4,14.495597008526074,S
88,1,3,female,4.9937927317970505,0,0,19.673289545022,S
89,1,1,female,0.0,4,6,13.76659667757398,S
90,1,3,male,0.0,5,5,100.59017183569686,S
91,0,1,male,49.015749418419276,4,4,8.639072083839261,C
92,1,1,male,27.35733980461268,1,6,66.14563173959516,C
93,1,1,female,45.07434877026644,1,0,1.368913235721033,C
94,1,3,female,42.58283043740855,3,4,24.29077174596046,S
95,0,2,female,37.66140177718613,2,2,2.496240111266663,S
96,0,2,male,20.9383061418745,1,4,64.92224300240143,Q
97,1,3,female,24.121068340608822,2,3,19.269166221709224,S
98,0,2,male,30.464418480549483,0,1,22.371429705763862,C
99,1,2,female,26.334233329390038,1,1,3.786761088728065,C
100,1,1,female,7.500465432499016,5,2,86.14461155413525,C
101,0,3,male,23.286939488185155,0,4,30.211377067844666,S
102,0,2,male,13.519744686676326,4,4,122.19267986478292,Q
103,1,1,female,21.291834843282153,2,0,14.685307878630285,S
104,1,3,female,37.53863485267645,1,0,72.88511446159696,S
105,1,1,female,46.62963776541905,4,6,25.023917800733397,S
106,1,2,male,25.721366193468064,3,0,1.9225025305776418,S
107,1,2,female,43.15744462007109,4,5,14.641798203628824,S
108,1,1,male,52.10667454601406,0,3,0.00389204622245205,C
109,0,1,male,19.65498065000387,0,2,25.37427415515235,S
110,1,3,female,37.74096533439806,1,5,7.80305814233717,Q
111,0,2,male,38.92382135741134,4,4,4.399559253176719,S
112,1,3,male,49.20887355934872,2,3,9.557601090633865,S
113,1,1,female,28.789350986448774,3,2,119.52668427016691,S
114,1,1,female,20.691995920374353,4,2,17.94669509235897,S
115,1,2,female,17.666404813487283,3,5,2.6562309207218284,S
116,0,3,male,30.666437060895014,5,2,74.18045401457164,S
117,1,3,female,43.77174053784505,0,1,24.784522509171545,S
118,1,3,female,32.31999142977247,1,1,95.37730313957792,S
119,1,1,female,46.446496289797906,3,6,10.693869610433529,S
120,1,1,male,24.348199756429906,5,4,1.0962955060021096,S
121,1,3,female,45.378414329595756,2,0,3.7302689416016293,S
122,1,3,female,12.219149094945639,3,5,33.25463221864569,S
123,0,3,female,28.505609960689984,0,6,1.451168804357665,Q
124,0,1,female,27.430396750838277,5,0,11.793177094799487,S
125,0,2,female,45.10421548948579,2,2,111.17103412591933,S
126,1,3,male,17.789031604125647,3,3,5.121032146312334,Q
127,0,3,male,39.98067170315805,0,4,2.7252798656604265,S
128,1,1,female,40.43947000267167,0,4,15.600284858084285,Q
129,1,1,female,60.579404833620885,2,5,96.29300109698656,S
130,1,3,male,34.827319078641594,3,0,96.99232850281925,Q
131,1,2,male,25.857172201774596,1,3,15.695320734139484,S
132,1,3,female,8.468091533499265,5,1,87.75798584660907,S
133,1,3,female,38.24185974771626,2,3,26.153976497588843,Q
134,1,2,male,38.29909797820903,3,0,43.406313395795145,C
135,1,3,female,26.833428279489958,0,5,26.53486673066157,Q
136,1,3,female,39.01282445173385,3,3,51.36263597498068,S
137,1,1,female,38.08368882267098,0,4,16.018239480046613,Q
138,0,2,male,16.58624062341084,0,2,14.03923781231208,S
139,1,2,male,24.619291336360078,5,6,3.4616651803819005,S
140,1,1,male,36.88812329075249,0,6,2.1431551463575285,S
141,0,3,female,34.218469662768406,2,6,3.892299338183871,C
142,1,2,male,29.89305404141523,5,5,12.618693723348418,Q
143,0,1,female,27.03107572307755,2,6,2.523735855849524,C
144,1,3,male,52.54272706267491,5,0,17.408541903224258,Q
145,1,1,male,10.941568775471413,2,6,52.4163774367735,C
146,0,1,male,11.016685342014739,2,2,66.74284941638693,S
147,0,2,male,12.616967053734673,4,4,42.25145616165257,Q
148,0,2,male,41.92682923987583,4,2,4.221381456180752,S
149,1,3,female,36.94844085972773,0,2,49.973574254315245,S
150,1,3,male,2.4238061601785894,0,5,32.3266358566917,S
151,1,1,female,0.0,4,6,29.940397710729318,C
152,0,1,male,43.595801887683855,3,1,5.791395143049624,S
153,0,3,female,64.68974698131692,0,3,1.694646309081776,C
154,0,3,male,10.667257832386468,2,0,35.40488535320436,S
155,1,1,male,38.17307766472333,5,6,53.20230718910407,S
156,0,3,male,48.42901177925857,3,2,17.972545057524382,S
157,1,1,female,35.70680288472574,5,6,41.25934587921431,S
158,1,3,female,11.448528082315352,1,1,13.22075057900126,S
159,1,1,female,30.174762973324064,5,5,20.222257386700864,C
160,0,3,female,24.70849860149844,3,2,9.8524282785291,C
161,1,3,female,43.718933919253615,2,5,19.2575731912097,S
162,1,2,female,16.67584238198239,3,0,2.79526429491256,S
163,0,3,female,39.80468870478496,0,5,57.3910994914705,Q
164,1,3,male,23.612189174784078,0,0,42.005460175487926,S
165,0,3,male,20.949896745699114,2,0,216.14810143413573,S
166,1,3,female,25.809843979367088,1,2,11.970056334729396,S
167,1,3,female,29.62324555398547,3,4,8.414943151445343,S
168,0,2,male,21.848661937816146,5,0,6.275419424600761,S
169,1,1,female,23.911845457530383,4,3,214.11082186370612,Q
170,1,3,female,38.87585448912709,5,0,40.74962618273714,S
171,1,1,male,34.40002767704572,4,1,4.2405809644877435,C
172,0,1,female,24.56080259124765,3,6,24.412148826835477,S
173,1,2,male,38.94800549587161,4,1,14.268293185223262,S
174,1,3,male,37.44523373182853,5,1,62.606276778719575,S
175,0,2,male,21.011955611139157,2,2,18.306209489563166,S
176,1,1,male,19.267583676071922,5,4,21.230438786797265,S
177,0,2,female,19.944784328938013,3,0,10.307021783225604,S
178,1,1,female,45.24066234027926,3,3,28.792132628341275,S
179,1,2,male,60.69263511701364,3,1,32.61729257739822,S
180,1,3,male,44.90153338509284,5,2,54.736232996656895,S
181,1,3,female,39.61424207799236,4,1,42.03051851695302,C
182,1,1,female,32.89999955153406,2,5,28.776867995688963,C
183,1,3,male,16.283430641687744,2,0,13.355870636438492,S
184,1,1,female,34.94973197516238,3,6,62.116748760486246,S
185,0,3,male,37.2265093473175,3,4,34.99723326511348,S
186,1,1,female,37.92329298832471,1,6,23.05007843417922,S
187,1,3,male,11.22630449495993,1,0,12.297851566604313,C
188,1,2,female,22.905257248576604,3,6,24.572028579980117,Q
189,0,2,female,42.5919204539446,0,1,56.149418811087116,C
190,1,2,female,37.66665297692059,5,6,48.20462474827847,C
191,1,1,male,43.3366079201947,5,3,9.954653024413927,S
192,1,3,male,29.349691336014843,5,6,0.6597590381755261,C
193,1,2,female,28.580617619338046,3,1,47.90510650974072,C
194,1,3,female,25.095739140240315,5,2,28.76644922250974,S
195,1,2,female,54.18534987903362,4,4,42.095769645072224,S
196,1,3,female,31.43556533939365,4,1,7.094160437760505,S
197,1,1,male,4.277686490445415,0,6,3.4637590831039176,S
198,0,3,male,41.18056440359581,4,5,41.12692000710196,C
199,0,3,male,35.7269311833658,4,3,9.28846244489554,C
200,1,2,male,21.543201124989544,4,5,37.22081739472144,C
201,1,2,male,19.652228294846196,3,4,2.1218086178627793,S
202,0,3,male,48.14133515125349,1,1,15.544725927944349,C
203,0,3,male,49.62584082603363,0,4,27.481200751936807,S
204,0,3,male,27.759711423525058,1,5,34.91787592646927,C
205,1,3,male,19.17463181862506,5,1,5.549329102082512,S
206,1,3,female,41.01574093862467,1,4,15.138777143712115,C
207,1,1,male,39.36428053031263,3,0,1.4305299874797894,S
208,1,1,female,32.99548705850762,4,1,7.609993100847356,C
209,1,2,female,16.517541224410152,4,2,56.98380206099109,S
210,0,2,male,41.1304763775916,1,5,76.54567124762825,S
211,1,3,female,26.63950679468466,3,0,8.905714744176837,S
212,1,3,female,9.663517013151463,2,5,27.032958566654408,C
213,0,2,male,41.60056583630805,1,0,10.68282135073722,S
214,1,2,female,32.880486960100825,1,2,33.0008233296592,C
215,0,2,female,11.50217744384819,4,3,12.293350732122075,S
216,1,2,male,23.16764677207972,2,4,158.64142616451554,S
217,1,1,female,23.838394045777292,3,5,6.705443016188942,C
218,1,1,male,27.253743257335906,5,4,7.1809442138430235,S
219,1,3,female,57.613986870152004,0,6,44.9349344796306,S
220,0,3,female,20.78576432301461,4,1,12.996618861691585,Q
221,1,1,male,20.929171192844905,3,0,11.237396153523786,C
222,1,3,female,51.78339561609589,1,1,6.927264501926146,S
223,1,3,male,10.088558896515352,0,6,23.708766112569077,S
224,1,3,female,38.56065705457287,0,2,20.303087964992244,S
225,0,1,male,28.724386836986287,1,4,1.3248627104290813,Q
226,1,3,female,1.0083939928205865,3,5,22.965246344675823,Q
227,1,2,male,20.984036611128523,5,3,29.554924630749053,S
228,1,3,female,38.78357771162405,3,2,0.4272562074242912,S
229,1,1,female,3.817145373928497,1,4,4.892796581333444,S
230,1,1,male,30.414251147534873,3,3,2.7904437378314353,S
231,0,3,male,74.98795929932743,4,5,16.67702659423085,S
232,1,2,female,0.0,4,1,16.372621063809994,S
233,0,2,male,48.59394850696282,0,1,1.5779974030801915,S
234,1,3,female,27.45206718200869,4,3,61.95587961062308,C
235,0,3,male,39.733430429492955,1,4,11.550036700402531,C
236,0,2,male,26.714803797761743,3,0,11.912519785122567,S
237,1,3,female,8.169617199402094,1,3,134.29284272229964,Q
238,1,2,male,38.56641469268991,4,0,65.84093722571573,C
239,1,3,male,37.42713740002901,0,3,51.859540755011494,S
240,1,3,female,48.45299014838838,1,3,6.12891651539171,S
241,1,2,female,19.312651179157722,4,2,1.1341248075604227,S
242,1,2,female,38.832309692568664,2,2,20.334939742387526,S
243,0,1,female,49.75690936060677,4,3,104.57693877021235,C
244,1,3,female,31.98973596240223,3,0,37.891766051891544,Q
245,1,3,female,27.9167061071307,1,6,26.251272365950438,S
246,1,3,male,23.243122572297178,0,0,14.74999840775907,S
247,0,2,male,48.374768902971816,3,4,5.53520559615212,S
248,1,1,male,28.514905962710113,3,2,40.13666092415666,S
249,1,3,male,27.282130181658484,0,0,2.859339128047199,S
250,1,3,male,20.43490835143226,5,3,12.334216202960432,C
251,1,1,male,29.16796037209565,2,0,9.667591549699234,Q
252,1,2,female,28.201014375938023,2,4,15.470101803257073,S
253,1,3,female,10.246194681403608,2,5,15.258833281501929,Q
254,0,3,male,30.67876925369902,2,4,20.753010338135656,S
255,1,2,female,31.136531260812976,1,5,78.36954332557931,S
256,1,3,female,38.81613113819518,0,1,30.99959565930308,S
257,1,3,female,26.596817127465155,0,4,38.33542788063176,S
258,0,2,male,32.43928707543982,5,1,28.126162316462196,S
259,1,3,female,37.359718682867474,2,2,9.332130317044857,S
260,1,1,male,19.86457209577517,3,3,0.8331993832813941,Q
261,0,3,male,40.541666046592546,2,4,5.131069702658319,C
262,1,2,male,16.13000930951206,3,0,13.196255344216008,S
263,1,1,male,23.693414486232168,2,3,2.900973252030157,S
264,1,3,male,31.57609643082247,3,3,49.48260539538991,Q
265,0,3,female,13.426961138843751,2,0,21.72500787564692,S
266,1,2,female,40.21790501766786,1,1,33.031970715063636,Q
267,0,1,male,28.83443914721874,0,0,19.01183458593567,S
268,1,3,female,20.46543918444097,1,2,21.18078889206069,S
269,1,2,female,17.26527485754091,1,4,5.624563004173195,S
270,0,3,female,54.75217709380267,5,3,22.139933321024078,C
271,1,3,male,23.158514109861223,3,5,1.7269606065590313,S
272,0,1,male,21.906743197590156,0,4,43.00812502142052,S
273,0,3,male,9.847612995288738,2,0,11.565274981577994,S
274,1,3,female,4.717923303046984,4,3,85.23153968730524,S
275,1,1,male,18.80935137005956,4,0,17.99023694873447,S
276,1,3,female,2.0344292082421482,5,2,29.371326524478334,S
277,1,1,male,24.3351849468949,3,2,53.179428702500886,Q
278,0,3,male,28.87228044875387,5,6,24.635724373978114,S
279,1,1,male,13.298365071175741,3,6,40.65582838711775,S
280,1,3,female,38.95447115372363,2,4,5.060934170995183,S
281,1,2,female,15.60846265602428,1,1,0.4430415602892812,S
282,1,1,female,54.46744646887274,5,3,29.34350921648035,S
283,0,1,male,46.55570398007791,4,5,10.638283505243075,S
284,1,2,male,17.65635792759462,4,4,53.78969106292194,S
285,1,3,female,13.893820713944514,5,6,88.70101507878864,S
286,0,3,male,35.50603241467391,0,2,124.7391059278858,C
287,1,3,female,54.358922597212114,5,5,33.75388750137639,S
288,1,3,male,7.433406291537132,4,5,8.162380424205827,S
289,1,3,male,24.696986096153324,4,6,61.542693058239934,S
290,0,3,female,34.406820661442076,5,5,18.96690188461249,S
291,1,3,female,7.658280517324254,0,0,46.30620275835224,C
292,1,3,female,2.2501111244132943,2,0,23.673434659917422,S
293,1,1,female,30.373634449732574,4,2,4.763366793607491,S
294,0,3,female,25.04767339956981,1,4,31.34912789525497,S
295,1,1,female,18.737570814467908,1,2,27.269076715296748,Q
296,1,2,female,48.05214104870983,4,3,27.551498086871938,S
297,0,2,female,11.296949544824638,3,6,5.628870012526964,S
298,1,1,male,21.082338713209424,2,4,44.57114457281579,C
299,1,1,male,48.0949047939976,0,0,37.344315183530654,C
300,1,3,male,21.68435454958124,0,3,2.666330900781702,Q
301,0,3,male,52.3308166351722,4,4,4.0015326815911525,S
302,1,1,male,0.0,4,4,87.0069975125483,S
303,1,2,female,25.830765012292265,3,1,44.75692139748498,S
304,0,1,male,30.97604947855776,0,4,92.07211089858993,S
305,1,3,female,9.53034391306014,2,6,15.433543664273842,S
306,1,3,female,48.8247311834547,0,0,0.7985102292672818,S
307,1,2,female,60.87892880083693,0,0,44.768265492378696,S
308,1,1,female,0.0,1,2,4.193389548930558,S
309,1,3,female,40.526242091038554,4,5,4.249157714798113,S
310,0,1,male,26.398473198621627,0,6,65.16219058335585,S
311,0,3,male,30.547203451372347,2,4,4.223355161685261,Q
312,0,3,male,53.12972101127382,4,3,6.953662933080934,S
313,0,3,male,37.52236639349128,4,6,6.149139173023413,S
314,0,3,male,32.63411290774158,5,6,54.158413863586276,S
315,1,3,female,21.073992590482742,2,1,17.54763867241764,S
316,1,3,male,38.09150204966535,2,3,47.5605036143983,S
317,1,3,female,52.29346835227928,1,0,14.94081840554339,S
318,1,3,female,34.693157998242675,5,2,10.908046587337868,S
319,0,3,male,15.07819771798123,0,5,43.88516272755056,C
320,0,3,male,46.828968293480294,5,5,20.139216160935675,S
321,0,2,male,43.357138273147044,0,1,12.923192447502792,S
322,1,2,male,34.303828642377034,0,6,0.5918945846546627,C
323,0,2,male,65.89404453693756,5,0,7.988328984137726,S
324,0,3,male,28.734139801917372,3,5,36.62278069270016,S
325,0,3,female,44.43402137740583,4,1,1.20728845374256,S
326,1,1,female,25.506562672741026,4,0,40.96341787677039,C
327,1,3,male,36.805091852010335,0,6,50.76080036035652,Q
328,1,2,female,59.63128845510097,5,5,33.92713384345173,S
329,1,1,female,39.824801965783216,3,4,5.792552491110438,S
330,1,1,female,19.418253085181128,4,0,10.498374458575526,S
331,1,2,female,48.002759692318264,3,1,36.47851050182979,C
332,1,1,female,62.74299789242412,0,5,41.53749785413338,S
333,0,2,female,17.69717796619114,2,2,19.335218023570448,S
334,1,2,female,29.870458628606137,1,3,153.2582657782698,C
335,1,1,female,22.79247766936437,0,3,41.783481760109574,S
336,0,1,female,49.67973785389519,0,5,171.90665498136352,C
337,0,3,female,37.188874419893516,3,5,40.42557574170815,C
338,0,2,male,29.77355966265061,4,0,46.09263360543981,S
339,1,3,female,46.985155503846045,1,5,19.397808036482456,S
340,0,2,male,36.799721900997696,3,1,17.8543736233247,S
341,1,1,male,66.23161208709661,5,0,42.12631254316356,C
342,1,3,male,42.14719680730511,4,6,6.725729800187487,Q
343,1,1,female,18.655621634792503,4,1,19.118795938199046,Q
344,1,2,female,7.737390432727313,4,3,2.814141891938002,S
345,1,3,male,17.081119303729125,4,2,5.550244937253654,S
346,1,3,female,26.142241600421283,2,6,14.541860220333671,S
347,1,3,female,35.68493264974149,4,3,36.56515953093304,S
348,1,3,female,4.368469217843529,3,0,3.0162493571066578,S
349,1,3,female,26.859974434018785,3,4,1.666541113710421,S
350,1,2,female,32.56954487911006,5,5,11.141691809711011,S
351,0,3,female,40.76292428208326,0,4,2.64208703902999,S
352,1,1,male,9.104762142835988,2,2,12.86702837966899,S
353,1,3,male,7.879809522211026,2,0,23.65952726796377,S
354,0,2,female,13.68237651122654,3,2,2.3890123002279937,S
355,0,2,female,46.90952335073351,1,1,6.7529516230722795,S
356,1,2,female,0.0,2,6,67.85856248249578,S
357,1,3,female,33.835667679921315,2,1,34.78202001373511,S
358,1,2,male,23.502940435206682,3,4,0.01535118877912818,S
359,1,1,female,31.403827175428344,4,4,31.939805932404273,S
360,1,1,male,3.311659875435158,1,1,113.58687257993759,S
361,1,2,female,20.086992714365763,0,0,12.53097698603781,S
362,1,1,male,33.23927642202471,0,5,63.78968289286766,C
363,1,1,female,14.963233407926385,2,1,14.612106384515833,S
364,1,3,male,16.670858181152994,4,0,101.7031475087572,C
365,1,3,female,0.0,5,1,106.12466884119708,C
366,1,3,male,17.1737118852889,2,2,18.039642283903277,S
367,1,3,female,54.59264471614466,3,3,47.35985187986583,Q
368,1,3,male,37.99222010903505,5,4,22.87349168342797,C
369,1,3,male,8.836851200345212,3,2,8.978516612248326,S
370,1,1,male,30.752132027726155,3,3,4.508948602190715,S
371,0,3,male,52.95083868585777,1,5,41.67071589029864,C
372,1,3,female,40.156951061306515,0,0,2.1135168948918324,C
373,0,3,male,23.480636615978366,3,4,6.68391084439455,S
374,0,3,male,41.446751198625755,2,6,15.21632756717211,C
375,0,2,male,16.11768142557832,2,3,0.9217898924996395,S
376,1,3,male,20.971091140570476,4,2,2.845377795493892,S
377,1,3,female,51.55781183391273,2,1,13.943572835895592,Q
378,1,3,male,28.94757201313308,1,6,20.091663499928572,S
379,1,3,female,11.90474451116242,4,3,3.275410405740689,S
380,1,3,male,33.98385044865786,0,3,19.757922093018053,S
381,0,3,female,12.946818351867286,0,4,106.07753080250511,S
382,1,3,female,41.2539903407436,2,1,30.38611330146995,Q
383,1,2,female,7.269556976889138,5,5,23.31266896415331,Q
384,1,1,female,22.180912747388348,5,4,5.367291080760874,C
385,1,3,male,48.29897627917346,3,3,18.4586551139464,S
386,0,1,male,29.810739222709618,2,0,27.568378069123217,S
387,1,3,female,1.8833618104518486,1,6,1.895926085701796,S
388,0,2,male,20.70289320903235,0,2,27.891318110669364,S
389,1,3,male,22.292643534449677,2,6,48.65033665157,S
390,1,3,female,61.77936805821344,4,4,12.519286416932939,S
391,1,2,female,47.2676769545177,5,2,57.44770580414033,S
392,0,2,male,29.152551533319684,3,6,3.6042594964361574,S
393,1,1,male,12.591668566352585,1,5,14.443567660802804,S
394,1,3,male,12.263073697090206,1,0,2.336092405429643,C
395,1,3,male,21.500904407137845,5,5,3.1122911740545502,S
396,1,1,female,25.325477882654884,5,1,0.8514878566988623,S
397,1,2,male,28.309657955505912,5,0,23.415961707595446,C
398,0,2,male,19.657451727426583,3,2,10.42221639423067,S
399,1,3,female,54.17092208688043,2,4,17.328520215103374,S
400,1,3,male,37.301252811849054,1,4,6.809484675608134,S
401,0,1,female,43.706131672078854,3,0,31.839955932020032,S
402,0,3,female,56.34497575284285,2,2,55.70029465943387,C
403,1,3,female,29.86681382789254,3,3,2.0048097461934615,S
404,1,3,male,53.628571508813536,5,1,9.534991095472085,S
405,1,3,male,6.7973973027222705,5,5,48.30652802837924,C
406,1,1,male,30.873203482129487,5,4,2.7823854346556223,S
407,1,2,female,0.0,5,2,31.44091197191821,S
408,1,3,female,21.93300334554321,2,5,56.923105958173466,C
409,1,2,female,13.027310525827893,4,6,13.38410844725758,S
410,1,3,male,31.83306794237786,2,6,55.30584963051653,S
411,0,2,male,64.54579553276437,4,2,17.10548815159788,S
412,1,3,female,24.37420547818243,0,3,0.7738151450467609,S
413,1,1,female,31.502693762323982,0,0,8.414701596262104,C
414,1,3,female,30.31685844952155,4,3,205.81216507529066,S
415,1,3,female,43.17421935051604,5,1,7.014230136935757,S
416,0,3,female,42.474682268957174,3,1,74.07159693956837,S
417,1,1,male,56.48510530088672,2,0,17.434946898530672,S
418,0,3,male,50.6336607860633,0,2,11.672010394227314,S
419,0,2,male,51.25816980521468,4,3,5.205291250739362,S
420,1,2,female,9.365895065156877,0,4,15.38509291488095,S
421,0,3,female,38.389581624811285,4,4,129.50921795256258,Q
422,0,3,male,15.191301080582992,3,5,26.733415156247695,S
423,0,3,male,56.11507866103559,0,3,11.21396957859738,S
424,1,1,male,0.0,2,0,0.9318957357265149,C
425,1,3,male,14.791438157833023,1,5,15.446759668621862,S
426,1,1,male,39.98101546927456,3,3,47.15636813077729,C
427,0,3,male,15.685861239057242,3,4,6.214870842206148,S
428,0,2,male,13.471787910561154,3,6,9.280374139709238,S
429,1,1,female,25.089379197081577,3,6,16.031176827164607,S
430,1,2,female,29.83182237521068,1,4,36.699358331023205,S
431,1,3,male,27.061711560451645,4,5,81.85589029218752,S
432,1,2,male,40.57758580864256,1,3,8.295746930605544,Q
433,0,3,male,39.45922053718794,4,6,52.8916947374349,S
434,0,2,male,57.75886329769219,5,6,4.654697611442783,S
435,1,2,female,19.062376302108774,5,0,57.56720173624018,S
436,0,2,male,38.69171902403076,1,1,2.925403423218776,S
437,1,1,female,0.008121884866451268,3,2,9.293849003931696,C
438,1,3,male,13.645417414947577,5,5,4.079715627411006,S
439,1,1,female,3.1127900185598314,0,0,19.136671668206493,S
440,0,3,female,46.50681156031758,3,1,43.16078777858364,S
441,0,3,female,23.21032473017067,2,6,14.173668968310245,S
442,1,1,male,46.25150828103065,4,1,3.2438113411180827,S
443,1,3,female,0.9769550722774056,0,6,23.92744713660566,Q
444,1,3,male,22.65720906937072,1,0,1.4064521678790503,C
445,1,3,male,39.39395253133146,1,5,59.04234374929813,Q
446,0,2,female,18.825970684460188,3,3,60.11862129028947,C
447,0,3,male,49.204097128381186,1,6,26.5436941643964,S
448,1,2,female,32.00203384678303,3,2,55.3387056730565,S
449,1,3,male,28.84053125961231,2,0,3.937397216703663,S
450,0,3,female,28.893595767280658,5,1,50.52342746725416,S
451,1,2,male,28.88687293277688,5,2,26.439574868614706,S
452,0,3,male,17.12572714034581,0,2,61.407064150799975,C
453,1,1,female,28.058509554287486,2,6,93.14834472476943,S
454,1,1,female,39.41680145546453,0,0,15.156059700561304,S
455,1,3,female,54.288050781813354,0,0,3.4343589704619992,S
456,1,2,female,4.753967420894185,1,6,15.831705951073777,S
457,0,3,female,53.37296325070891,3,3,42.66784917717669,S
458,1,1,male,44.24247446754775,5,1,18.915136900210822,C
459,1,3,male,6.526394037995274,5,2,175.66885817568266,S
460,1,1,female,1.3539887653450258,3,4,4.9451903022209125,S
461,1,2,male,31.25423152048339,5,3,17.900733075613303,S
462,1,3,male,61.70270152362677,5,2,4.992449240786279,S
463,1,1,male,21.747688676002518,5,1,17.072249570647614,S
464,1,3,female,25.199499487163326,2,1,18.70549144241774,C
465,0,2,male,47.46711134774011,3,5,9.073281804980077,S
466,0,3,male,31.367436866034843,5,3,11.200433502036958,S
467,0,3,female,51.151274423904475,1,6,3.8465285438738923,S
468,0,2,male,16.0027174841968,5,3,56.35678390673376,S
469,1,1,female,1.8159382965036386,3,5,10.244408268185074,S
470,1,2,male,21.72494958867555,2,4,9.563823863807654,S
471,1,3,male,30.589519311077275,1,6,12.768265366994406,S
472,0,3,male,66.80100141513205,2,2,3.786086630692111,S
473,1,3,female,52.024397744835824,1,3,29.153727777754053,S
474,1,3,male,35.481134275721274,3,5,6.5442473053010595,Q
475,0,1,female,22.47519569998206,3,0,2.324017320496375,S
476,0,3,male,50.65581523566697,4,0,0.013711582939847082,S
477,1,3,female,20.071465036570046,0,1,35.95350109017128,Q
478,1,1,female,0.0,0,4,21.683773825530764,S
479,1,2,male,12.126892582905349,5,6,24.730579751388674,S
480,1,3,male,0.6723887132227304,3,0,16.146639884207957,S
481,1,2,female,15.602418256064439,3,0,1.6830275468545006,S
482,0,3,male,42.3824093309333,3,5,7.243978978477548,S
483,0,2,male,16.936590640462832,4,4,8.167268504542326,S
484,0,1,male,36.70501579478105,0,0,110.35962808835555,S
485,1,3,female,23.03429211450345,1,1,33.01393957497148,C
486,1,1,female,30.95225237182694,4,5,1.572740727522232,S
487,1,1,female,42.600560806185314,2,1,6.788981395182994,S
488,0,3,female,32.85695891307834,0,6,11.615499971953033,S
489,1,1,female,36.44958682911359,3,0,44.11936709975726,Q
490,1,1,female,17.19088608224965,4,3,23.163368706591818,S
491,1,3,female,58.34970315486315,4,3,0.44043303389930966,Q
492,1,3,female,68.73146667422765,2,6,113.66950698190885,C
493,0,3,male,25.640832336705063,5,4,20.93033752208369,S
494,0,3,female,17.40920721908092,4,2,9.934522452864051,S
495,1,2,male,44.14846387889154,5,2,29.2272257495842,Q
496,1,3,male,30.900457601924792,5,6,18.21306189308214,C
497,1,3,female,35.77160534092261,3,2,68.67534307675008,C
498,0,3,male,43.265681280519395,4,2,1.704793405615204,S
499,1,1,male,8.964067228688997,4,2,5.672197594774224,S
500,0,2,male,43.7573023261913,0,1,99.107386783328,S
501,0,3,female,45.20693859471294,3,6,5.036256168926083,S
502,1,3,male,43.83286853239298,1,1,2.483703506395049,S
503,1,2,female,25.351269749949758,0,1,4.085315406000801,S
504,0,2,male,24.440412464840463,3,3,8.966634859721152,C
505,1,2,male,53.01119763430438,4,5,90.29920611773233,S
506,1,1,female,31.2166044130221,2,3,12.005179624667326,C
507,1,2,male,8.647426129902101,3,6,1.1152031581087414,Q
508,1,2,male,7.905899549435269,3,6,40.36954343131203,S
509,1,3,female,39.52432972386731,3,6,43.43452706495007,S
510,1,2,female,61.46645441667521,3,4,11.050060178856047,C
511,1,3,female,41.97058444566894,5,3,30.697288624506804,S
512,0,1,female,25.62791716194978,2,5,21.78782961305834,S
513,0,3,female,28.317675748095553,5,2,21.843750199861002,C
514,0,3,female,30.351619355766367,5,4,11.93149432487386,C
515,1,3,female,10.82820450214361,0,2,7.824372969002132,S
516,1,2,female,18.421751504192347,3,4,16.6795535864097,C
517,0,2,male,25.929066581766747,2,3,42.77843369582374,Q
518,1,1,male,49.40957703672687,0,3,25.056586191501506,S
519,1,3,male,9.074494528294693,1,6,23.145778842588246,S
520,0,3,male,25.819787096962706,4,2,29.018381130545364,Q
521,1,1,female,6.907300608670603,4,1,10.648474846886867,S
522,0,3,male,44.12037722300525,0,5,92.04670147618792,S
523,0,3,male,50.888003901212045,1,5,9.934293218468577,S
524,1,3,female,40.052327388900764,2,1,118.9278522780801,C
525,1,3,male,34.698052966489485,2,0,11.973209808838511,Q
526,0,3,male,25.166059986149342,0,4,22.05231890226425,S
527,1,1,male,8.408283534681871,2,4,73.48366282861443,C
528,1,3,female,18.727895146475834,0,4,44.96390256602065,C
529,1,3,female,7.44617330543803,1,1,20.71794936109759,S
530,0,2,male,59.8624908343579,3,3,131.10871934280362,S
531,0,1,male,17.30717322922467,2,5,1.036140668282246,S
532,1,3,female,14.26807073626818,2,2,44.54403158971263,S
533,0,1,male,52.22194286496614,4,5,80.95030640192722,S
534,1,2,female,29.01987103123178,3,2,70.19789246801189,S
535,0,1,female,29.31142688216744,1,3,24.85152180151621,S
536,1,2,female,39.14622940443485,3,3,123.70122496163553,C
537,1,3,male,24.049269970544678,0,2,10.178349450192771,Q
538,1,1,female,18.775227174809526,1,6,47.11575324716999,S
539,1,3,female,30.963352404738412,4,1,4.943257748167179,S
540,1,3,female,28.054180952570725,1,2,9.54728451836151,S
541,1,3,male,25.008492051654834,2,6,1.0266508866424724,S
542,1,3,male,30.732447021695577,0,4,42.80359908027308,S
543,0,3,female,25.93676680112859,4,4,25.620036965134556,S
544,0,3,female,0.599938329644484,3,3,4.829951223347606,S
545,1,2,male,62.58268502302721,4,1,33.84711177171974,S
546,0,2,female,19.282892354351404,4,5,1.6894223310262027,S
547,1,1,female,32.643927812586334,4,2,7.001894976399029,C
548,1,1,female,29.84115286894599,0,5,24.72722301748867,S
549,1,3,male,48.980760109992374,1,6,17.78185928604276,S
550,1,2,female,13.37157358873674,0,5,69.09239930313517,S
551,1,2,male,16.06999445582924,1,0,10.285077116536044,S
552,0,1,female,36.01845064977207,1,0,18.07558081926601,S
553,0,2,female,53.188940980952125,1,1,2.3850224575189105,C
554,1,3,male,47.92491604920593,0,1,9.087868711477618,Q
555,1,3,male,23.159791904887843,3,2,7.684605058128471,S
556,0,2,male,17.099413226216477,5,5,94.02423871405738,C
557,0,3,male,35.635532152694886,1,6,25.999530596952493,C
558,0,1,male,17.9058056025465,2,0,39.16377811047307,S
559,1,3,male,43.30825294840405,1,5,16.715263322931367,C
560,1,2,female,25.93691133761852,0,1,88.3350589649674,C
561,0,1,female,51.27935505449419,3,4,18.3283100680489,S
562,1,2,male,26.808140265260555,5,0,0.9871713821965165,Q
563,0,3,male,34.83919696495667,4,5,39.74167882851989,S
564,0,3,male,40.72144494728047,0,3,11.957176205768894,S
565,1,3,female,45.80546303771627,0,0,13.05309767673123,S
566,0,3,female,15.591588950585574,3,1,9.258662142618807,S
567,1,3,male,0.0,4,3,20.99016204197828,C
568,0,2,male,39.20698069143302,3,2,17.787516790011498,S
569,1,1,male,12.907679447133901,4,1,69.42679350740308,S
570,1,3,female,35.619285558595315,1,3,1.4727417732850288,S
571,1,3,female,34.88149813132608,2,0,63.3831527201412,S
572,0,1,male,37.0891194716337,5,5,42.40937972317434,S
573,1,3,male,20.987667933693423,0,5,13.3762335295524,C
574,1,3,female,22.833794958278002,4,5,17.771061863429654,C
575,1,1,female,39.17908319142787,5,6,7.517363500289978,C
576,1,2,female,12.483439294990418,5,3,165.30811162795692,Q
577,1,3,male,18.411229843232782,4,1,43.641276178072516,Q
578,1,2,male,18.805839435589892,3,4,24.512698304982102,S
579,1,2,female,31.81374768715765,0,4,37.68313056846417,S
580,1,3,female,30.48553313572228,5,1,5.226204309326846,Q
581,1,1,female,53.80434494819939,0,6,43.72447888992353,C
582,1,2,female,17.414479050724573,2,4,159.78733341035417,S
583,0,1,male,15.493946558622643,3,0,12.996792298939912,S
584,0,2,female,22.106225635197333,1,2,227.80471595025742,S
585,1,1,male,36.08275707823837,2,3,79.57192183476401,S
586,1,3,female,11.139052033431614,1,0,26.788280099149723,S
587,1,3,female,13.778805245933526,2,1,50.08826520833333,S
588,1,2,female,21.75881847333641,5,3,32.022404879340606,Q
589,1,2,female,53.38709736813629,4,0,29.091846898613124,S
590,1,3,female,23.390458216543518,2,4,27.6722125589195,S
591,1,1,male,35.86318686053541,0,6,53.835960677964735,Q
592,1,1,female,23.962783282194163,5,6,57.79386979498932,S
593,1,3,female,3.1920703154181282,2,1,27.911777733858752,S
594,1,2,male,1.1026841784330514,0,2,15.457891287144642,C
595,1,3,female,34.921283814088326,2,2,10.74674696995047,S
596,0,3,male,22.96158490635117,0,4,21.14662260134234,S
597,1,1,female,20.150741473959428,3,3,28.774890690736896,S
598,0,3,male,25.839338305778796,0,3,5.434774357472338,S
599,1,3,female,27.678170736480716,4,1,50.043149183380564,S
600,1,2,female,27.89087885150228,4,4,10.779361392601443,S
601,0,2,female,23.862473195481456,4,5,12.245675291390839,C
602,1,3,female,49.83910932922694,0,6,5.929630963432717,S
603,0,3,male,42.02028429399081,3,6,21.81767998140312,S
604,0,1,male,57.82281002034682,1,1,73.94044194169678,S
605,1,2,female,41.38155561783343,0,2,140.49562050554624,S
606,1,3,male,38.25249442680565,4,2,45.587747739060035,S
607,1,3,male,28.664968905110534,0,4,99.62924207546966,S
608,1,3,female,55.50531360887838,2,3,36.05718732541525,S
609,0,2,female,29.44146166186179,2,6,13.837279517776727,S
610,0,3,male,54.52990719196552,1,0,42.47583287809664,S
611,1,2,female,30.116009046914606,2,6,18.22775324002475,S
612,1,1,male,62.57068242810138,1,0,40.598276361611575,C
613,1,3,female,18.840871865851405,5,4,70.11276743587214,S
614,0,2,male,6.675029264077374,4,1,30.960420682996347,S
615,1,3,female,26.052207952107015,0,6,50.973371932894764,S
616,0,3,male,50.64962372415654,5,0,37.80148408383276,C
617,1,3,female,18.225168610468202,2,3,6.7791265376975876,Q
618,1,3,male,39.33517833092642,5,5,0.5318407301428298,S
619,1,3,male,44.83792804828942,3,0,19.19121565466407,S
620,0,3,male,18.03130118520919,2,2,28.622607312139262,Q
621,1,3,male,41.06862007546411,0,5,48.166151245460036,C
622,1,2,female,37.85817152102294,4,3,44.73245715121173,Q
623,1,3,male,17.95174297770046,2,2,1.2070456400515794,S
624,0,3,male,16.796233314137936,3,2,10.773696073964153,S
625,0,2,male,52.863207816080546,2,3,6.8624755508843664,S
626,0,3,male,40.75999030223548,4,2,52.97805690698069,S
627,1,1,female,15.853257565181812,4,6,13.716652380263188,S
628,0,1,male,10.920175817046282,2,3,45.36084111651245,S
629,0,3,male,52.98114358653241,3,5,74.64758067527586,S
630,1,3,female,19.259769332180305,4,0,39.001939156415936,S
631,0,3,male,25.126742571273123,3,4,45.20661947153786,S
632,0,3,male,43.88273428363327,0,1,19.296368095050525,S
633,1,3,male,9.84160439843411,2,3,49.28753247275252,S
634,1,2,male,21.958481613920494,0,2,4.298450623788194,C
635,1,3,female,23.594710907609016,0,1,31.113430580197868,S
636,0,1,male,42.55257537526904,2,2,5.9882762086605785,Q
637,0,3,female,36.408827449129525,3,0,5.162223581823214,S
638,1,3,female,19.88951081137982,2,6,14.080944194448522,S
639,1,1,male,34.58617430897334,2,0,4.759911258859465,S
640,0,3,male,17.074841593843807,5,2,25.465075983903077,S
641,1,3,female,34.319329057672135,0,6,0.27163765255395145,S
642,0,2,male,6.559435968972583,5,3,30.990338799477122,S
643,1,1,male,16.13485869807831,0,6,54.33959095720587,C
644,1,3,male,17.807343242177794,2,5,38.24286491709757,S
645,1,3,male,42.141747163634975,5,2,50.89481576860564,S
646,1,2,female,46.16665123488229,2,2,12.76487775670253,S
647,1,3,male,12.46330007172877,5,0,120.90504191322317,S
648,1,2,male,43.54120529974857,1,4,84.96528714295911,S
649,0,3,male,24.285863273486726,1,5,160.03704586496698,S
650,1,1,male,63.77678506182391,2,4,43.583480537204586,S
651,1,2,female,43.799912796650176,4,0,33.15217343306451,Q
652,0,3,male,6.84487346742138,4,6,18.00254325533957,S
653,1,3,male,63.49324663383396,3,2,16.54538879598864,S
654,0,3,male,10.505564561112948,2,1,102.51464712346299,S
655,1,1,female,25.135343843639905,3,1,7.726310503853212,S
656,1,1,male,11.320020350925233,4,3,10.114612111049187,S
657,1,1,male,69.12721697937225,4,3,69.12782136690099,S
658,0,3,male,48.42666658831939,2,5,14.819797510195645,S
659,1,2,female,17.14007581251226,5,0,4.217016292509383,S
660,1,2,male,33.34333730029631,5,6,5.650481922742298,S
661,1,1,male,34.16869991968693,1,4,58.96887367526031,S
662,0,1,male,17.092094464781,2,6,3.806531297331868,S
663,1,1,male,54.015465075093445,1,4,8.656447159097423,C
664,0,3,female,6.884037012678952,2,0,6.451172607520628,S
665,1,1,male,6.581700730091562,3,1,39.198443789136235,S
666,1,1,male,39.623828661801696,2,5,28.625041432757055,Q
667,1,3,female,28.313752349205437,1,4,34.90681611971716,S
668,0,2,male,33.16169454414985,1,1,2.580152371127822,S
669,0,2,male,17.53620585962976,4,6,5.556252379418234,S
670,1,3,female,26.587057278605027,0,3,29.397374502099037,Q
671,0,3,male,7.575643493885934,0,1,62.488235564961705,S
672,1,3,male,29.616068796959766,3,1,46.96594469991089,S
673,1,3,female,36.97252622994114,0,4,38.766022279873354,S
674,1,1,female,45.50544113232516,4,4,11.64216841066198,S
675,1,1,female,24.75895256802476,2,0,19.188940890615108,S
676,1,3,female,50.066079677829165,1,2,76.17272910948597,S
677,1,2,male,41.691991154964896,2,3,1.5139692333190202,S
678,1,1,male,37.6220084345172,5,4,24.610572973593698,Q
679,0,1,male,48.9972021857296,5,5,3.858770901725073,S
680,1,3,female,23.751317020851197,2,1,12.06049276371995,S
681,0,3,female,16.94344875261214,3,1,14.492413961287216,S
682,0,3,male,19.34843976761193,5,0,4.72577660279687,S
683,1,2,female,27.745937581703355,5,2,4.844975966289312,S
684,0,1,male,30.591503115693925,1,1,3.9720411598081347,S
685,1,1,male,21.024989351738284,1,5,3.969106642714827,S
686,1,2,female,27.297562284452574,1,3,36.39854591860881,S
687,0,3,male,18.587547373022282,1,0,32.16568266704996,C
688,0,2,male,44.52375509149209,1,1,72.71341271859866,S
689,1,3,male,28.56415216196583,2,5,72.7176292809561,S
690,0,3,male,15.634262697902429,4,1,0.7808554815837327,S
691,1,3,male,17.068578811579172,0,0,49.452191205216536,S
692,0,3,male,43.258012756620644,2,6,13.77993917556017,S
693,1,2,female,24.191009135448446,5,2,23.114361268786567,S
694,1,1,male,30.11979572235239,1,6,13.883273083700553,S
695,1,3,female,29.589989830201624,4,3,0.8917964343522525,Q
696,1,1,male,43.049898479193644,5,2,77.76601355171478,C
697,1,3,male,17.05748518336121,3,6,6.310924840621245,S
698,1,1,female,15.09167667680194,2,3,123.23909420449398,S
699,1,3,female,15.319805553670086,5,5,63.42552914668862,S
700,0,3,female,20.050232778937882,0,6,50.516927736471914,S
701,0,3,male,12.618738062304477,2,6,33.830123904419374,C
702,1,1,male,40.26383976625862,4,4,28.90183326035155,C
703,1,1,male,25.806005308237417,1,5,22.390376685248395,S
704,1,1,female,40.48366183219565,0,5,35.72830790349319,S
705,0,3,female,17.82445116623558,3,5,139.00785741409047,C
706,1,3,female,52.121659683439844,2,0,22.295291006862726,S
707,1,3,male,41.67744399730166,5,5,87.12056178753177,C
708,1,3,female,29.724388106134178,2,1,4.851101881075675,Q
709,1,1,female,25.567360737039667,5,0,28.029271831865938,S
710,0,3,female,58.817900441023966,5,6,11.822314460291322,S
711,0,1,female,26.099546816660038,2,0,8.408200848256884,C
712,0,3,male,45.95779952960295,5,4,26.101378233795693,S
713,0,3,female,36.748189506383056,2,0,23.4902841502736,S
714,1,3,male,15.210300852252635,0,5,26.34439122838309,S
715,0,3,male,17.754978102229614,0,2,12.61363250146152,S
716,1,3,male,36.83156422764469,5,4,69.84458012122458,S
717,0,1,male,42.31975121985654,3,5,8.2014649108287,S
718,1,2,male,24.681562362947385,5,3,71.33598226032588,S
719,0,3,female,32.74581407040366,2,5,70.51553938119163,Q
720,1,3,female,33.44401997388453,0,2,45.47264372269287,Q
721,1,3,female,30.84682659969019,4,1,93.69940726541729,S
722,1,1,female,27.696511822293893,5,6,14.937963208629746,S
723,1,2,female,19.311736630343905,4,3,128.24213423681164,Q
724,0,2,male,40.792632581820115,3,5,27.610782264140884,S
725,1,3,male,41.42161758212253,1,0,8.605338628058249,S
726,1,1,male,40.16608486157252,1,2,27.283608259354082,S
727,1,2,female,32.14066000937893,3,1,18.333056989934807,S
728,1,1,male,11.40430145836001,5,5,40.99319982982683,S
729,0,1,female,15.483286219379107,0,0,1.5035715278976776,S
730,1,2,male,23.588867569016863,0,3,16.157547044636484,S
731,1,3,female,18.76299832799615,5,4,6.575574022699488,S
732,1,1,female,21.148823128493838,5,6,43.426110325206125,S
733,0,3,male,51.795014767812155,2,5,50.006758856248396,C
734,1,2,male,29.12038849208621,5,3,0.30894807561365906,S
735,0,3,male,15.136728798315382,0,2,64.00786964463174,S
736,0,1,male,34.2270040714232,1,2,3.0759750211862467,C
737,1,3,female,43.09862171220608,5,1,6.414862243472604,C
738,0,2,female,32.300668458019445,3,3,4.596734083936313,S
739,0,2,female,34.498069030277044,0,1,27.842137532487964,S
740,1,1,male,0.0,3,5,12.90326063075035,S
741,1,3,male,42.37563694626712,3,0,38.213217197071145,C
742,1,3,female,21.942421776411432,5,2,47.346373764047044,Q
743,0,3,female,24.199537575244108,1,2,9.074169322925597,S
744,1,3,female,37.50750165255804,2,5,13.117694974143577,C
745,1,2,female,24.161643322693067,1,5,8.97218472493013,S
746,1,3,female,24.247027941431266,3,1,68.56101320548876,S
747,1,1,female,66.03631956384129,1,2,30.035228204071508,S
748,1,2,female,38.90291271095147,3,2,12.081774118954872,S
749,1,3,male,26.843924294124477,4,6,5.1245012986357095,S
750,0,3,female,66.9108097039284,5,3,73.45966801414487,S
751,1,3,male,27.041354940750384,1,1,21.660129018501525,S
752,1,3,male,26.507993802363544,1,6,3.6343613508125716,S
753,1,2,male,21.930040947866836,1,1,2.7202733013690454,S
754,0,3,male,24.085024360442862,5,6,14.463738592316089,C
755,1,1,female,55.68628497422814,1,4,23.01952799563149,C
756,1,3,female,0.0,2,0,4.648001646079531,S
757,0,1,male,31.488635770968237,5,1,13.71430230400686,C
758,1,3,female,36.95724473432179,2,5,28.681666516270607,S
759,1,1,female,9.325242720911255,1,4,113.80353914651998,S
760,0,3,female,19.99559825263833,5,0,30.74647729278809,S
761,0,3,male,43.2021402921974,4,4,18.613943414381602,S
762,1,3,female,11.21832310030672,0,5,23.08051892722065,S
763,1,3,male,29.611525430901356,5,6,10.706655429362419,S
764,0,3,female,19.46953065844137,3,4,31.731849029133528,S
765,1,2,male,27.637948627263512,1,5,2.5466778963130823,Q
766,1,2,female,33.49932131311291,2,1,16.48057116225432,Q
767,0,2,male,47.01120631763311,4,2,14.306146147950471,S
768,1,1,male,54.24450159396207,2,2,31.699604504035953,S
769,1,2,female,44.053531181176126,4,6,10.36681973410826,C
770,1,2,female,24.34275188512911,3,6,29.857848539764216,S
771,1,2,male,47.88231700233092,5,2,1.9402505119272635,C
772,1,2,female,19.419316996958145,0,3,12.474376366859689,C
773,1,1,male,31.883316016762645,3,2,16.42976402248165,S
774,0,3,female,35.63646194253909,4,2,23.71971110810443,C
775,1,3,female,29.536117597482892,5,3,41.368096702528206,S
776,0,3,female,24.205344439415608,1,3,22.140123675742796,S
777,1,3,female,6.1786283994175974,5,5,15.314260070328572,S
778,1,1,male,20.855258739747647,4,6,19.060486820470096,S
779,0,1,male,37.49881704616077,2,6,85.19347938561593,S
780,1,3,female,9.674603330575337,5,2,0.5361779176996984,S
781,1,3,female,32.122617493277325,0,2,64.1053192238545,S
782,1,2,female,63.82458667759505,2,4,14.94898440649322,S
783,1,1,male,19.576671397571662,1,6,0.1315745818062153,S
784,1,3,female,24.644978462691814,2,6,45.81799916341999,S
785,1,1,female,34.31794624434701,0,5,18.48584858448889,S
786,0,2,male,30.118582485637063,0,4,22.114720260692316,S
787,1,3,female,2.06575190979407,3,2,94.16954605277112,Q
788,1,3,female,38.45892706877271,0,1,2.513213586379388,Q
789,0,3,female,27.42295653784465,3,5,41.06849815673267,S
790,1,2,male,22.618608143263703,5,1,123.60811389080975,C
791,1,1,female,4.186980532632223,1,5,24.449852460785564,S
792,0,3,male,27.27173544993007,4,1,24.78196189966117,S
793,1,3,female,49.000515623878684,0,5,49.29255303701598,S
794,0,3,male,6.404760681493499,4,2,14.869042038845935,S
795,0,1,male,1.0927051253038371,0,2,3.418753614141022,S
796,0,3,male,30.578243414029068,0,5,12.615350715604347,S
797,0,2,female,34.48750668943897,2,0,37.55475541082421,Q
798,0,1,male,13.808136804678039,5,2,2.213036348026721,S
799,1,3,male,4.136557595151562,0,1,0.0998624116347987,S
800,1,3,female,39.492086424103626,1,6,43.46303374408627,Q
801,0,3,male,25.824086569529584,1,4,58.841284519647445,S
802,1,2,male,47.52258378429291,3,3,8.11467718670982,S
803,0,1,female,54.0609287561594,4,6,63.96230880156337,S
804,0,2,female,6.568633949610405,3,6,2.324784987252861,C
805,1,3,female,3.903441477472473,5,1,39.56448387668198,S
806,1,1,male,50.70656438342235,4,3,5.115298295526386,Q
807,1,1,male,61.5787459691719,3,5,36.91631268335933,C
808,1,2,female,25.768866282105098,3,1,13.32170736654694,C
809,1,1,female,11.854497095466733,2,4,4.885822033883719,S
810,1,3,male,19.841258895500076,0,1,75.79019258614294,S
811,0,2,female,19.970337854420222,5,1,18.242734215044738,S
812,1,3,female,35.28390814328925,4,4,4.857276554542602,Q
813,1,3,female,0.0,5,1,0.836894887104475,S
814,0,1,male,29.180256140894468,4,4,3.1992100976231628,S
815,1,3,female,11.716577759792578,2,5,32.81781642954778,S
816,1,2,male,39.22397666575749,0,1,4.8993983665724095,S
817,0,2,male,38.09529011564747,4,0,35.855843279963395,S
818,1,1,male,45.88351390068091,3,1,34.2195343871096,Q
819,0,3,female,53.10972973381898,2,1,15.442100613930505,S
820,0,3,female,27.793094570598452,3,2,4.629887222229685,C
821,1,3,male,21.944778500880595,2,0,29.56090834867747,S
822,1,2,female,15.32209112850965,2,1,20.49227846598167,C
823,1,3,female,38.15344059789211,0,0,22.33666266900974,S
824,1,1,male,8.145755904238971,0,4,3.5792575327290574,C
825,1,1,male,29.939909603141544,4,5,2.363265295887451,S
826,0,1,female,36.42594387002582,0,6,54.77136304950879,Q
827,0,3,male,18.430645565050234,0,4,67.53242425183728,S
828,0,3,female,10.959931597542596,4,2,57.432707212526985,S
829,1,1,female,21.61110524352381,5,5,0.20742836388299232,S
830,1,3,female,29.29014803317563,4,0,68.05175050771619,S
831,1,2,female,43.56141183628876,4,3,8.725912290675325,S
832,0,3,female,54.069733950552646,4,0,11.276827990352391,S
833,0,2,male,33.62338363323191,5,0,44.348809563134765,S
834,1,3,male,36.74461704916497,3,4,68.49340062187605,S
835,1,2,female,35.480128964486205,5,6,38.58037485669553,C
836,0,1,male,27.635249998184577,3,0,7.550164155551396,S
837,1,1,female,22.515195582458404,2,6,57.68963051472082,S
838,0,3,female,35.20737100884546,5,4,9.440626065845002,S
839,1,1,female,17.38077873439741,3,4,8.339514715537735,S
840,0,3,male,13.857673394066872,3,6,10.760273997439148,S
841,1,3,male,0.0,0,3,27.10902473124249,S
842,1,3,female,20.03725952072388,1,4,83.29570393425641,S
843,1,1,male,28.396278895079433,1,1,4.260858855899869,S
844,0,1,male,26.39819335419079,2,0,6.0305942066757865,C
845,1,2,female,29.426195004819068,0,1,39.382705402305746,S
846,1,1,male,24.41547140185923,0,4,3.174271386694636,S
847,1,3,female,12.867713546880257,2,6,0.7917203291510936,Q
848,1,1,female,16.253583814924472,0,4,49.64143193238527,S
849,1,3,female,32.09650139726794,3,2,49.37825775032701,S
850,1,2,female,12.499931741965117,1,5,10.700688360876098,S
851,0,3,male,20.7325726987138,3,6,29.473408755541854,S
852,1,3,male,50.60387089217279,3,4,79.37488955233914,S
853,0,3,female,23.58571343416761,4,3,71.53421341020282,C
854,1,3,male,29.15832282386713,0,5,20.871862025555057,C
855,0,1,male,58.84718031632001,4,4,30.57014285464229,S
856,1,3,male,44.82392496545374,5,3,2.859303312308409,Q
857,1,1,male,33.989484546150635,2,0,79.99475529236112,S
858,1,1,male,51.02544565024665,3,1,56.24661219327138,Q
859,1,1,female,38.50252095052997,4,3,25.76215801613301,S
860,1,1,male,23.32366012556864,3,3,46.029807910076016,S
861,1,3,male,13.545206173308724,3,4,0.5259969711511516,S
862,0,3,male,19.082031272501933,2,6,45.85996763960686,S
863,1,1,male,35.557355619876944,2,1,2.550326124356709,S
864,1,3,female,5.710449212774872,1,5,20.153465366429867,S
865,1,1,female,63.62890194564153,3,2,28.30817525048382,C
866,1,3,female,36.00258487970932,0,0,56.778540158877924,S
867,0,1,female,39.51367283283196,4,3,54.79444648130408,S
868,0,2,male,37.82157670010514,3,5,10.247229386587597,C
869,1,3,male,19.550665510113852,5,4,77.70577413570383,S
870,1,3,male,23.163982891090846,1,4,39.89887160253017,S
871,0,3,male,25.08588190175666,3,1,4.0872525853909565,S
872,0,2,male,24.21702462409359,5,2,5.004495250395124,C
873,1,3,female,0.0,0,5,5.270915331770153,Q
874,1,3,female,21.008194342606828,4,3,143.45760825695754,S
875,1,1,female,15.180713910301712,4,6,16.982287599750357,C
876,1,1,male,43.05040315840789,3,1,25.346517283347023,S
877,1,2,female,34.060201755395376,5,6,1.4520194775066144,S
878,1,2,female,16.850496463248533,2,3,34.38615350660573,Q
879,1,2,female,18.508848863644076,3,4,10.947798736534459,S
880,1,3,male,12.09703134891182,1,3,40.423992446545654,C
881,0,2,male,18.674771269200278,2,2,2.026534802853311,C
882,0,3,female,17.962801035684016,1,3,15.796253042930509,S
883,1,1,male,42.04400004182434,2,0,37.52595123656207,S
884,0,1,male,44.99058385709563,3,4,48.30634764169837,S
885,1,3,female,12.239339460743707,0,3,17.497176972115962,S
886,0,3,male,22.25547137983576,2,3,2.753961191056304,C
887,1,3,female,20.09096431726946,5,4,1.4959285639726434,S
888,0,3,male,51.98009279383858,2,2,68.72475476109786,S
889,1,3,female,39.854452541492435,3,1,58.51685144342947,S
890,1,1,female,45.97755193644244,5,3,89.61054941688192,Q
